Step,AgentID,Wealth
0,0,1
0,1,1
0,2,1
0,3,1
0,4,1
0,5,1
0,6,1
0,7,1
0,8,1
0,9,1
0,10,1
0,11,1
0,12,1
0,13,1
0,14,1
0,15,1
0,16,1
0,17,1
0,18,1
0,19,1
0,20,1
0,21,1
0,22,1
0,23,1
0,24,1
0,25,1
0,26,1
0,27,1
0,28,1
0,29,1
0,30,1
0,31,1
0,32,1
0,33,1
0,34,1
0,35,1
0,36,1
0,37,1
0,38,1
0,39,1
0,40,1
0,41,1
0,42,1
0,43,1
0,44,1
0,45,1
0,46,1
0,47,1
0,48,1
0,49,1
0,50,1
0,51,1
0,52,1
0,53,1
0,54,1
0,55,1
0,56,1
0,57,1
0,58,1
0,59,1
0,60,1
0,61,1
0,62,1
0,63,1
0,64,1
0,65,1
0,66,1
0,67,1
0,68,1
0,69,1
0,70,1
0,71,1
0,72,1
0,73,1
0,74,1
0,75,1
0,76,1
0,77,1
0,78,1
0,79,1
0,80,1
0,81,1
0,82,1
0,83,1
0,84,1
0,85,1
0,86,1
0,87,1
0,88,1
0,89,1
0,90,1
0,91,1
0,92,1
0,93,1
0,94,1
0,95,1
0,96,1
0,97,1
0,98,1
0,99,1
1,48,1
1,21,1
1,89,1
1,62,1
1,63,1
1,95,0
1,41,1
1,75,1
1,57,1
1,30,1
1,37,2
1,72,0
1,43,1
1,25,1
1,46,1
1,9,1
1,10,2
1,33,1
1,1,0
1,61,0
1,6,0
1,24,1
1,78,1
1,94,2
1,77,1
1,3,1
1,65,2
1,70,0
1,50,0
1,92,1
1,82,1
1,28,1
1,93,1
1,18,1
1,44,1
1,58,1
1,55,1
1,74,0
1,5,0
1,88,2
1,7,1
1,59,2
1,60,0
1,35,2
1,91,0
1,66,1
1,64,1
1,26,1
1,47,3
1,83,0
1,22,2
1,56,0
1,98,1
1,54,2
1,80,1
1,69,3
1,73,0
1,13,0
1,0,1
1,86,3
1,2,1
1,29,1
1,38,1
1,79,1
1,15,1
1,96,0
1,84,0
1,34,1
1,81,1
1,36,1
1,97,2
1,99,1
1,23,1
1,12,1
1,19,0
1,17,1
1,52,3
1,68,1
1,40,3
1,31,1
1,51,1
1,16,1
1,53,1
1,71,1
1,20,0
1,49,1
1,8,1
1,85,1
1,14,0
1,39,2
1,45,1
1,67,1
1,27,1
1,4,1
1,42,1
1,11,1
1,32,0
1,87,1
1,76,1
1,90,1
2,19,0
2,70,1
2,91,0
2,30,0
2,59,3
2,32,0
2,60,0
2,95,0
2,51,0
2,33,0
2,7,1
2,75,0
2,5,0
2,57,0
2,61,1
2,65,1
2,55,1
2,87,1
2,49,1
2,99,2
2,81,1
2,52,4
2,34,1
2,26,1
2,35,2
2,82,1
2,90,1
2,22,2
2,72,0
2,54,2
2,20,0
2,11,1
2,56,0
2,2,1
2,0,1
2,12,3
2,17,2
2,73,0
2,50,0
2,1,0
2,76,1
2,71,0
2,66,1
2,38,1
2,31,0
2,21,0
2,86,3
2,48,1
2,24,1
2,83,0
2,42,1
2,89,1
2,10,2
2,43,1
2,92,1
2,41,1
2,8,0
2,39,2
2,53,1
2,45,1
2,9,2
2,15,1
2,44,1
2,98,1
2,80,1
2,40,2
2,84,0
2,28,1
2,78,1
2,16,1
2,6,1
2,67,1
2,27,2
2,63,0
2,46,0
2,96,0
2,37,4
2,69,3
2,85,0
2,62,1
2,14,0
2,68,1
2,3,1
2,93,1
2,36,1
2,23,1
2,18,1
2,29,1
2,77,1
2,13,0
2,4,1
2,47,3
2,74,0
2,64,3
2,25,0
2,94,2
2,88,2
2,79,1
2,58,1
2,97,2
3,5,0
3,69,3
3,15,1
3,92,1
3,94,1
3,9,2
3,37,4
3,33,0
3,49,2
3,70,1
3,90,0
3,7,0
3,71,0
3,62,2
3,3,2
3,10,1
3,12,2
3,93,1
3,52,3
3,75,1
3,50,0
3,89,2
3,27,1
3,58,2
3,88,2
3,18,1
3,63,0
3,47,3
3,6,1
3,40,2
3,14,2
3,30,1
3,11,0
3,46,0
3,38,1
3,56,0
3,28,1
3,29,1
3,41,0
3,68,1
3,19,0
3,20,0
3,13,1
3,54,2
3,44,3
3,42,1
3,59,3
3,45,2
3,0,0
3,83,0
3,87,1
3,39,3
3,99,2
3,1,0
3,98,1
3,82,0
3,79,1
3,80,1
3,95,0
3,85,0
3,64,3
3,26,1
3,34,1
3,76,0
3,2,0
3,86,3
3,57,1
3,17,2
3,77,1
3,78,1
3,67,0
3,51,0
3,81,1
3,65,1
3,60,1
3,91,0
3,53,1
3,16,0
3,36,1
3,96,0
3,8,0
3,55,1
3,73,0
3,43,1
3,66,1
3,61,1
3,84,0
3,4,1
3,97,2
3,32,0
3,35,2
3,23,0
3,24,1
3,22,2
3,72,0
3,48,1
3,21,0
3,74,0
3,31,0
3,25,0
4,80,0
4,4,1
4,76,0
4,52,3
4,28,1
4,14,1
4,10,2
4,91,0
4,57,1
4,59,3
4,6,2
4,70,1
4,67,0
4,15,1
4,69,3
4,46,2
4,13,1
4,78,1
4,19,0
4,50,0
4,3,2
4,82,0
4,62,2
4,29,0
4,84,0
4,24,1
4,65,0
4,85,0
4,35,2
4,39,3
4,77,1
4,37,4
4,72,0
4,12,1
4,20,0
4,87,1
4,41,0
4,97,1
4,34,1
4,96,0
4,7,0
4,92,3
4,25,0
4,38,1
4,58,2
4,86,4
4,45,2
4,8,0
4,43,1
4,71,0
4,0,0
4,9,2
4,93,1
4,60,1
4,2,0
4,89,2
4,11,0
4,55,0
4,68,1
4,36,1
4,74,0
4,40,2
4,99,2
4,81,1
4,17,1
4,53,1
4,79,1
4,94,1
4,47,3
4,83,0
4,90,0
4,31,0
4,49,2
4,88,2
4,32,0
4,64,3
4,56,0
4,48,1
4,61,1
4,27,1
4,44,2
4,42,1
4,66,1
4,30,1
4,51,0
4,98,1
4,73,0
4,18,2
4,75,1
4,23,0
4,22,2
4,21,0
4,16,1
4,63,1
4,95,0
4,1,0
4,33,0
4,26,1
4,5,0
4,54,1
5,75,1
5,39,5
5,50,0
5,82,0
5,0,0
5,89,2
5,18,2
5,88,3
5,67,0
5,94,2
5,23,0
5,68,1
5,48,1
5,4,1
5,49,2
5,51,0
5,41,1
5,5,0
5,66,1
5,12,0
5,7,0
5,77,1
5,59,3
5,46,2
5,78,1
5,63,1
5,38,1
5,65,0
5,58,2
5,17,1
5,95,1
5,55,1
5,87,1
5,21,0
5,57,0
5,99,3
5,44,1
5,2,0
5,35,2
5,33,0
5,92,3
5,69,2
5,13,1
5,29,0
5,96,0
5,98,1
5,52,2
5,56,0
5,83,0
5,62,2
5,45,1
5,28,1
5,36,1
5,6,1
5,70,1
5,27,1
5,81,1
5,3,2
5,20,1
5,24,1
5,90,0
5,79,1
5,71,0
5,14,1
5,61,1
5,10,2
5,30,0
5,34,1
5,1,0
5,8,0
5,86,6
5,16,1
5,64,3
5,22,1
5,43,0
5,85,0
5,54,1
5,31,0
5,19,0
5,72,0
5,25,0
5,60,1
5,40,2
5,11,0
5,76,0
5,9,2
5,93,2
5,74,0
5,80,0
5,91,0
5,47,2
5,32,0
5,37,4
5,15,0
5,73,0
5,53,1
5,97,0
5,84,0
5,26,2
5,42,1
6,22,1
6,63,1
6,85,0
6,17,1
6,14,1
6,81,1
6,70,1
6,65,0
6,8,0
6,21,0
6,38,1
6,90,0
6,4,1
6,54,1
6,75,1
6,13,0
6,64,3
6,76,1
6,15,0
6,28,1
6,92,2
6,98,1
6,57,0
6,39,5
6,33,0
6,78,1
6,10,1
6,5,0
6,40,3
6,26,2
6,47,2
6,84,0
6,23,0
6,51,0
6,89,2
6,53,1
6,42,2
6,25,0
6,99,2
6,52,1
6,67,0
6,49,2
6,94,3
6,2,0
6,74,0
6,16,1
6,30,0
6,24,2
6,45,0
6,58,2
6,31,0
6,91,0
6,34,1
6,1,0
6,87,0
6,82,0
6,66,2
6,50,0
6,71,0
6,79,1
6,9,2
6,56,2
6,37,4
6,12,1
6,61,0
6,95,0
6,59,3
6,77,1
6,96,1
6,48,2
6,36,0
6,80,0
6,3,2
6,97,0
6,19,0
6,72,0
6,7,0
6,43,0
6,27,1
6,0,0
6,20,1
6,18,1
6,35,2
6,73,0
6,32,1
6,41,0
6,29,0
6,69,2
6,60,0
6,86,6
6,68,1
6,55,1
6,6,0
6,11,0
6,88,3
6,44,0
6,46,3
6,83,0
6,62,3
6,93,3
7,29,0
7,92,2
7,41,0
7,79,0
7,62,3
7,25,0
7,34,2
7,59,3
7,48,2
7,38,1
7,7,0
7,47,1
7,81,1
7,51,0
7,53,0
7,61,0
7,90,0
7,43,0
7,99,2
7,36,0
7,8,0
7,5,0
7,69,2
7,40,3
7,52,0
7,35,2
7,78,2
7,50,1
7,17,1
7,76,1
7,71,0
7,0,0
7,31,0
7,97,0
7,94,3
7,91,0
7,32,2
7,84,0
7,3,2
7,80,0
7,6,0
7,44,0
7,56,2
7,86,5
7,77,1
7,13,0
7,22,1
7,30,1
7,4,1
7,67,0
7,18,1
7,58,2
7,72,0
7,70,1
7,65,0
7,93,3
7,9,3
7,15,0
7,95,0
7,60,0
7,33,0
7,28,1
7,19,0
7,75,1
7,2,0
7,24,3
7,96,0
7,87,0
7,57,0
7,88,3
7,49,2
7,16,1
7,46,3
7,74,0
7,89,2
7,98,0
7,45,0
7,21,0
7,85,0
7,54,2
7,64,2
7,1,0
7,39,6
7,11,0
7,12,1
7,68,1
7,10,1
7,14,1
7,66,2
7,83,0
7,27,1
7,63,1
7,26,2
7,37,4
7,73,0
7,55,0
7,23,0
7,82,0
7,42,3
7,20,0
8,26,3
8,90,0
8,23,0
8,58,2
8,63,1
8,4,0
8,17,1
8,80,0
8,40,3
8,3,1
8,16,0
8,45,0
8,66,2
8,35,2
8,82,0
8,14,0
8,91,0
8,89,3
8,83,0
8,44,0
8,39,6
8,15,0
8,21,0
8,1,0
8,31,0
8,61,0
8,57,0
8,54,2
8,43,1
8,8,0
8,68,1
8,29,0
8,51,0
8,88,3
8,19,0
8,24,2
8,32,2
8,93,2
8,98,0
8,85,1
8,49,2
8,64,2
8,56,2
8,53,0
8,28,1
8,60,0
8,81,0
8,86,4
8,59,3
8,47,2
8,6,0
8,34,2
8,84,0
8,10,1
8,99,2
8,37,4
8,87,2
8,50,1
8,92,1
8,67,1
8,95,0
8,22,1
8,46,3
8,9,3
8,48,2
8,55,0
8,25,0
8,71,0
8,0,0
8,36,0
8,72,0
8,12,2
8,62,4
8,96,0
8,69,2
8,94,3
8,65,0
8,11,1
8,18,0
8,2,0
8,7,0
8,5,0
8,38,1
8,75,0
8,97,0
8,78,2
8,77,1
8,30,1
8,41,0
8,42,3
8,20,0
8,76,0
8,74,0
8,27,1
8,70,1
8,73,0
8,33,0
8,79,0
8,13,0
8,52,1
9,85,2
9,25,0
9,98,0
9,58,2
9,40,3
9,53,0
9,36,0
9,13,0
9,17,2
9,67,1
9,23,0
9,24,2
9,16,0
9,21,0
9,44,0
9,15,0
9,1,0
9,76,0
9,43,1
9,42,3
9,69,2
9,26,3
9,34,2
9,68,1
9,93,2
9,50,1
9,88,2
9,72,0
9,5,0
9,4,0
9,65,0
9,30,0
9,60,0
9,18,0
9,82,2
9,8,0
9,86,3
9,29,0
9,90,1
9,48,2
9,94,3
9,28,2
9,54,1
9,20,0
9,12,2
9,78,2
9,56,2
9,47,1
9,89,2
9,19,0
9,3,1
9,92,0
9,2,0
9,75,0
9,96,0
9,38,1
9,80,1
9,73,0
9,7,0
9,9,3
9,81,0
9,45,0
9,14,1
9,46,3
9,97,0
9,52,1
9,64,3
9,70,1
9,39,6
9,41,0
9,11,1
9,57,0
9,35,2
9,6,0
9,74,0
9,91,0
9,95,0
9,27,1
9,61,0
9,33,0
9,22,1
9,51,0
9,63,1
9,83,0
9,0,0
9,49,2
9,37,3
9,77,1
9,59,2
9,10,1
9,62,4
9,71,1
9,84,0
9,66,2
9,99,2
9,32,1
9,79,0
9,87,2
9,55,0
9,31,0
10,10,1
10,93,2
10,15,0
10,47,1
10,59,2
10,7,0
10,90,1
10,51,0
10,62,4
10,58,2
10,92,1
10,39,6
10,20,0
10,96,0
10,41,0
10,83,0
10,79,0
10,75,0
10,42,3
10,94,2
10,73,0
10,66,2
10,99,2
10,27,2
10,21,0
10,25,0
10,95,0
10,86,3
10,70,2
10,14,0
10,9,2
10,11,2
10,50,0
10,68,1
10,74,0
10,37,3
10,88,3
10,46,2
10,26,2
10,82,2
10,97,0
10,64,2
10,8,0
10,78,2
10,3,2
10,57,0
10,28,2
10,71,1
10,16,0
10,53,0
10,65,0
10,45,0
10,72,0
10,1,1
10,24,2
10,60,0
10,52,1
10,12,1
10,49,2
10,2,0
10,44,0
10,69,2
10,13,1
10,54,1
10,35,2
10,0,0
10,81,1
10,48,2
10,30,0
10,33,0
10,29,0
10,56,2
10,17,2
10,84,0
10,80,2
10,98,0
10,87,1
10,31,0
10,36,0
10,43,0
10,67,1
10,18,0
10,5,0
10,61,0
10,77,1
10,63,0
10,22,2
10,76,0
10,32,0
10,55,0
10,4,0
10,6,0
10,19,0
10,85,2
10,40,3
10,91,0
10,23,1
10,38,1
10,34,2
10,89,2
11,66,2
11,25,1
11,43,0
11,84,0
11,39,6
11,44,0
11,55,0
11,37,3
11,50,1
11,6,0
11,65,0
11,21,0
11,72,0
11,7,0
11,68,0
11,36,0
11,89,2
11,17,2
11,90,1
11,77,1
11,69,2
11,19,0
11,3,2
11,29,0
11,34,2
11,42,3
11,10,1
11,24,3
11,27,2
11,79,0
11,86,3
11,57,0
11,18,0
11,78,2
11,64,2
11,95,0
11,99,2
11,14,0
11,32,0
11,33,0
11,9,2
11,93,2
11,61,0
11,49,2
11,75,0
11,58,2
11,56,2
11,70,1
11,20,0
11,82,2
11,92,1
11,51,0
11,91,0
11,38,1
11,81,1
11,88,3
11,87,1
11,85,3
11,94,2
11,13,1
11,76,1
11,60,0
11,63,0
11,71,0
11,4,0
11,80,2
11,59,1
11,12,1
11,5,0
11,15,0
11,54,0
11,28,2
11,53,0
11,2,0
11,41,0
11,98,0
11,22,2
11,73,0
11,11,2
11,26,1
11,30,0
11,16,0
11,35,1
11,96,1
11,48,2
11,8,0
11,46,3
11,97,0
11,62,4
11,0,0
11,45,0
11,23,1
11,74,0
11,40,3
11,52,1
11,31,0
11,67,1
11,1,1
11,47,1
11,83,0
12,53,0
12,3,2
12,56,2
12,38,2
12,20,1
12,74,0
12,84,0
12,82,2
12,99,2
12,61,0
12,71,0
12,63,0
12,94,2
12,54,0
12,21,0
12,81,1
12,67,1
12,59,0
12,26,1
12,12,2
12,35,1
12,8,0
12,46,2
12,78,2
12,70,1
12,30,0
12,34,2
12,76,1
12,44,0
12,83,0
12,14,0
12,68,0
12,91,0
12,6,0
12,19,0
12,9,1
12,32,0
12,18,0
12,66,2
12,29,0
12,87,1
12,89,2
12,80,2
12,98,0
12,41,1
12,47,1
12,40,2
12,52,1
12,51,0
12,57,0
12,92,1
12,86,3
12,96,1
12,60,0
12,15,0
12,73,0
12,11,2
12,95,0
12,42,3
12,55,0
12,45,0
12,62,3
12,49,2
12,48,2
12,1,1
12,13,1
12,85,3
12,43,0
12,28,4
12,69,2
12,37,2
12,17,3
12,77,1
12,27,2
12,88,2
12,79,0
12,24,2
12,75,0
12,23,1
12,16,0
12,0,0
12,90,1
12,36,0
12,25,1
12,2,0
12,93,2
12,39,6
12,50,1
12,5,0
12,58,2
12,97,0
12,33,0
12,10,1
12,64,2
12,72,0
12,31,0
12,7,0
12,65,0
12,4,1
12,22,2
13,94,1
13,8,0
13,29,0
13,54,0
13,30,1
13,38,1
13,65,0
13,34,2
13,81,1
13,73,0
13,12,3
13,33,0
13,98,0
13,78,2
13,15,0
13,70,3
13,4,1
13,17,2
13,24,2
13,96,1
13,42,4
13,64,2
13,1,1
13,93,2
13,37,2
13,53,0
13,59,0
13,99,2
13,72,0
13,50,0
13,19,0
13,18,0
13,82,2
13,60,0
13,51,0
13,32,0
13,76,1
13,22,2
13,48,2
13,9,0
13,14,0
13,97,0
13,57,0
13,7,1
13,87,0
13,36,0
13,92,0
13,61,2
13,43,1
13,79,0
13,35,1
13,74,0
13,83,0
13,62,3
13,10,0
13,23,1
13,71,0
13,20,1
13,52,1
13,68,0
13,41,1
13,39,6
13,95,0
13,89,2
13,25,1
13,47,0
13,84,0
13,11,2
13,21,1
13,40,1
13,46,1
13,28,3
13,63,0
13,75,0
13,3,4
13,66,2
13,85,3
13,45,0
13,88,1
13,44,0
13,77,2
13,5,0
13,69,2
13,67,1
13,80,2
13,49,2
13,16,0
13,27,2
13,86,3
13,6,0
13,31,0
13,58,2
13,2,0
13,90,1
13,91,0
13,56,2
13,26,1
13,13,0
13,0,1
13,55,0
14,84,0
14,39,6
14,67,0
14,10,0
14,18,0
14,7,1
14,21,1
14,5,0
14,35,1
14,14,0
14,94,1
14,23,1
14,89,2
14,32,0
14,46,1
14,0,1
14,49,2
14,48,2
14,36,0
14,62,3
14,2,0
14,86,3
14,65,0
14,58,2
14,85,2
14,44,1
14,71,0
14,63,0
14,81,0
14,33,0
14,66,2
14,75,0
14,38,0
14,95,1
14,83,0
14,30,0
14,98,0
14,57,0
14,54,0
14,40,1
14,6,0
14,93,2
14,78,2
14,80,1
14,64,2
14,90,1
14,52,1
14,96,1
14,28,4
14,22,3
14,59,0
14,92,1
14,9,1
14,43,0
14,50,1
14,17,1
14,25,1
14,55,0
14,74,0
14,69,2
14,61,2
14,13,0
14,97,0
14,3,4
14,4,1
14,12,3
14,72,0
14,79,0
14,87,0
14,56,2
14,45,1
14,60,0
14,99,2
14,37,3
14,42,4
14,77,1
14,26,1
14,24,1
14,11,3
14,27,1
14,29,0
14,47,0
14,82,1
14,88,1
14,16,0
14,34,2
14,15,0
14,8,1
14,91,0
14,70,3
14,68,0
14,31,0
14,51,0
14,19,0
14,76,1
14,20,2
14,53,0
14,1,1
14,41,1
14,73,0
15,67,1
15,62,3
15,30,0
15,80,0
15,55,0
15,25,1
15,41,1
15,73,0
15,68,0
15,3,3
15,90,0
15,95,1
15,27,0
15,31,1
15,58,2
15,72,0
15,98,0
15,89,2
15,75,1
15,70,2
15,94,1
15,76,1
15,12,3
15,57,0
15,2,0
15,60,0
15,36,0
15,46,1
15,45,0
15,32,0
15,16,0
15,91,0
15,65,0
15,4,1
15,38,2
15,37,3
15,77,0
15,84,1
15,20,3
15,99,2
15,8,1
15,51,2
15,39,7
15,81,0
15,71,0
15,0,1
15,56,2
15,1,0
15,78,1
15,79,0
15,64,1
15,93,1
15,61,1
15,9,0
15,52,0
15,87,0
15,82,2
15,88,1
15,6,0
15,17,1
15,50,0
15,24,2
15,97,0
15,43,2
15,83,0
15,29,0
15,74,0
15,54,0
15,53,0
15,28,4
15,33,0
15,26,1
15,23,1
15,42,4
15,85,2
15,19,0
15,5,0
15,44,0
15,47,0
15,18,0
15,35,1
15,11,3
15,86,2
15,66,2
15,96,2
15,22,3
15,49,2
15,7,2
15,10,0
15,15,0
15,69,2
15,34,3
15,59,0
15,48,1
15,63,0
15,40,1
15,92,0
15,13,0
15,21,3
15,14,0
16,91,0
16,55,0
16,96,1
16,97,0
16,79,0
16,98,0
16,33,0
16,73,0
16,67,0
16,84,1
16,31,1
16,0,1
16,1,0
16,49,2
16,30,0
16,46,1
16,22,3
16,3,4
16,88,1
16,66,2
16,57,0
16,18,0
16,35,1
16,21,2
16,12,3
16,76,1
16,11,2
16,99,2
16,19,0
16,43,1
16,56,1
16,44,0
16,41,0
16,83,0
16,5,0
16,52,0
16,95,1
16,48,1
16,70,2
16,37,3
16,23,1
16,28,3
16,39,7
16,15,0
16,62,3
16,72,0
16,25,2
16,74,0
16,8,1
16,51,2
16,32,0
16,85,3
16,7,2
16,81,0
16,87,0
16,64,0
16,9,0
16,78,1
16,16,0
16,53,0
16,13,0
16,80,0
16,69,2
16,93,2
16,40,1
16,42,5
16,54,0
16,63,1
16,38,2
16,92,1
16,82,3
16,45,0
16,27,0
16,24,1
16,89,4
16,86,2
16,20,2
16,14,0
16,29,0
16,77,1
16,71,0
16,50,0
16,68,0
16,60,0
16,36,0
16,90,1
16,65,0
16,75,1
16,10,0
16,4,1
16,34,2
16,26,1
16,17,1
16,47,0
16,94,0
16,58,2
16,2,0
16,6,0
16,59,0
16,61,2
17,44,0
17,47,0
17,75,0
17,88,2
17,12,3
17,80,0
17,25,1
17,76,1
17,0,1
17,43,0
17,62,3
17,94,0
17,70,2
17,1,0
17,42,5
17,67,0
17,55,0
17,87,0
17,26,1
17,53,0
17,90,0
17,65,0
17,40,1
17,81,1
17,93,2
17,85,4
17,54,0
17,37,3
17,45,1
17,48,0
17,71,0
17,96,1
17,18,0
17,34,2
17,30,0
17,68,1
17,78,2
17,64,0
17,99,2
17,5,0
17,29,1
17,66,1
17,8,0
17,35,1
17,97,0
17,31,1
17,38,1
17,4,1
17,23,0
17,16,0
17,11,2
17,13,0
17,9,0
17,56,1
17,3,3
17,14,0
17,74,1
17,15,0
17,46,1
17,20,3
17,84,0
17,79,0
17,77,0
17,72,0
17,86,3
17,95,1
17,92,1
17,82,3
17,27,1
17,6,0
17,58,1
17,10,0
17,49,2
17,50,0
17,52,2
17,83,0
17,32,0
17,24,1
17,19,0
17,51,2
17,91,0
17,39,7
17,59,0
17,7,2
17,57,0
17,33,0
17,69,2
17,63,0
17,89,4
17,21,1
17,41,0
17,17,1
17,73,0
17,22,3
17,60,0
17,98,0
17,61,3
17,36,1
17,28,3
17,2,0
18,31,0
18,26,1
18,66,1
18,51,2
18,10,0
18,95,1
18,86,3
18,72,0
18,9,1
18,87,0
18,7,2
18,4,0
18,79,0
18,40,1
18,92,1
18,27,1
18,75,1
18,84,0
18,64,0
18,70,2
18,67,0
18,47,0
18,22,3
18,62,2
18,71,0
18,90,0
18,52,2
18,93,2
18,65,1
18,78,2
18,44,0
18,12,4
18,82,3
18,98,0
18,85,4
18,13,0
18,73,0
18,0,1
18,77,0
18,49,1
18,45,1
18,58,1
18,33,0
18,69,1
18,35,1
18,83,0
18,18,0
18,6,0
18,19,0
18,68,1
18,56,1
18,37,2
18,53,0
18,80,0
18,34,3
18,28,3
18,46,0
18,60,0
18,89,4
18,3,4
18,20,3
18,57,0
18,16,0
18,43,1
18,14,0
18,2,0
18,15,0
18,81,2
18,99,2
18,54,0
18,25,1
18,11,1
18,91,0
18,59,0
18,94,0
18,36,1
18,63,0
18,97,0
18,41,0
18,29,2
18,17,1
18,32,0
18,8,0
18,38,2
18,61,4
18,42,5
18,5,0
18,39,6
18,55,0
18,1,0
18,48,0
18,23,0
18,30,0
18,88,2
18,50,0
18,76,1
18,21,1
18,96,1
18,74,0
18,24,0
19,39,6
19,90,0
19,14,0
19,23,0
19,58,0
19,40,1
19,70,2
19,2,0
19,37,1
19,55,0
19,21,1
19,89,3
19,97,1
19,10,0
19,82,3
19,19,0
19,9,1
19,92,1
19,24,0
19,53,1
19,26,1
19,30,0
19,44,0
19,45,1
19,61,4
19,29,2
19,84,0
19,57,0
19,13,1
19,98,0
19,64,0
19,95,1
19,78,1
19,34,3
19,65,3
19,73,0
19,5,1
19,71,0
19,1,0
19,75,0
19,49,1
19,88,2
19,41,1
19,11,1
19,91,0
19,77,0
19,96,1
19,66,1
19,74,0
19,56,1
19,27,0
19,28,3
19,7,2
19,93,2
19,38,2
19,63,0
19,32,0
19,86,2
19,76,0
19,46,0
19,6,1
19,48,0
19,4,0
19,18,0
19,72,0
19,79,0
19,50,0
19,17,1
19,43,1
19,99,3
19,42,5
19,59,0
19,12,5
19,0,0
19,25,1
19,60,0
19,67,0
19,16,0
19,20,3
19,47,0
19,69,0
19,31,0
19,52,2
19,35,1
19,94,0
19,36,1
19,22,3
19,85,4
19,8,0
19,15,0
19,87,0
19,62,2
19,81,2
19,54,0
19,51,2
19,83,0
19,33,0
19,80,0
19,68,1
19,3,4
20,35,0
20,80,0
20,90,0
20,27,0
20,94,1
20,98,0
20,17,1
20,50,0
20,54,0
20,16,0
20,11,1
20,62,1
20,22,3
20,88,1
20,55,1
20,53,1
20,63,0
20,42,5
20,24,0
20,48,0
20,65,2
20,43,1
20,56,1
20,66,1
20,15,0
20,9,1
20,19,0
20,21,1
20,31,0
20,14,0
20,28,3
20,23,0
20,75,0
20,2,0
20,36,1
20,18,0
20,1,0
20,49,0
20,68,1
20,96,2
20,6,2
20,26,1
20,20,3
20,79,0
20,8,0
20,95,1
20,70,2
20,72,0
20,40,0
20,93,2
20,73,0
20,37,3
20,57,0
20,41,1
20,12,4
20,25,1
20,64,0
20,91,0
20,74,0
20,33,0
20,7,2
20,86,2
20,51,2
20,71,0
20,60,0
20,13,0
20,58,1
20,61,4
20,97,1
20,99,3
20,30,0
20,34,3
20,67,0
20,3,4
20,39,6
20,77,0
20,78,1
20,5,1
20,29,2
20,52,1
20,76,1
20,45,1
20,46,0
20,87,0
20,47,0
20,85,3
20,59,1
20,81,2
20,32,0
20,69,1
20,0,0
20,84,0
20,82,3
20,4,0
20,89,3
20,10,0
20,83,0
20,44,0
20,92,1
20,38,2
21,59,0
21,10,0
21,66,1
21,7,1
21,48,0
21,20,2
21,94,1
21,22,3
21,34,2
21,84,0
21,26,1
21,68,0
21,15,0
21,87,0
21,27,1
21,39,6
21,70,1
21,49,0
21,98,0
21,40,0
21,8,0
21,17,1
21,75,0
21,35,0
21,77,0
21,12,3
21,32,0
21,78,1
21,74,0
21,9,1
21,88,1
21,71,0
21,21,1
21,55,1
21,97,3
21,6,2
21,61,6
21,28,3
21,42,5
21,0,1
21,19,0
21,89,3
21,36,1
21,56,1
21,38,1
21,96,2
21,25,1
21,76,1
21,3,4
21,1,0
21,52,1
21,41,1
21,85,2
21,99,3
21,65,3
21,92,1
21,29,2
21,47,0
21,73,0
21,50,0
21,53,1
21,72,0
21,67,0
21,91,0
21,44,0
21,80,0
21,69,1
21,63,0
21,58,1
21,51,2
21,90,0
21,14,0
21,83,0
21,11,2
21,81,1
21,86,3
21,31,0
21,79,0
21,23,0
21,46,0
21,82,2
21,93,2
21,64,1
21,16,0
21,5,1
21,57,0
21,33,0
21,37,3
21,60,0
21,13,0
21,30,0
21,62,1
21,95,0
21,43,1
21,4,0
21,18,2
21,54,0
21,24,0
21,45,1
21,2,0
22,14,0
22,89,3
22,47,0
22,33,1
22,63,0
22,46,0
22,82,1
22,80,0
22,20,2
22,44,0
22,11,2
22,54,0
22,13,0
22,64,0
22,65,3
22,96,1
22,10,0
22,70,1
22,77,0
22,3,5
22,56,1
22,25,1
22,40,0
22,5,0
22,41,1
22,42,5
22,85,3
22,79,0
22,34,2
22,90,0
22,31,0
22,61,6
22,8,0
22,26,0
22,92,1
22,12,2
22,94,2
22,50,0
22,67,0
22,84,0
22,4,0
22,7,1
22,51,2
22,88,1
22,91,1
22,97,3
22,72,0
22,2,0
22,36,1
22,58,2
22,62,1
22,78,1
22,73,0
22,66,1
22,49,0
22,23,0
22,24,1
22,53,0
22,68,0
22,32,0
22,1,0
22,48,0
22,76,1
22,75,0
22,71,0
22,16,0
22,39,5
22,57,0
22,17,1
22,98,1
22,30,0
22,74,1
22,86,3
22,38,1
22,69,1
22,29,2
22,87,0
22,81,1
22,55,1
22,43,1
22,95,0
22,59,0
22,45,1
22,99,3
22,93,2
22,9,1
22,0,1
22,52,1
22,19,0
22,15,0
22,18,2
22,22,3
22,28,3
22,60,0
22,35,0
22,21,1
22,83,0
22,37,2
22,27,1
22,6,2
23,55,1
23,71,0
23,42,5
23,5,0
23,34,2
23,49,0
23,63,0
23,67,0
23,28,2
23,19,0
23,86,4
23,81,1
23,91,1
23,29,1
23,45,0
23,3,5
23,11,2
23,80,0
23,39,4
23,43,2
23,99,3
23,48,0
23,15,0
23,96,2
23,2,0
23,90,0
23,12,1
23,62,1
23,74,0
23,88,0
23,44,0
23,10,0
23,66,1
23,9,1
23,73,0
23,84,0
23,47,1
23,18,1
23,82,1
23,61,6
23,36,1
23,93,2
23,41,1
23,92,1
23,65,4
23,30,1
23,64,1
23,35,0
23,85,2
23,76,1
23,13,0
23,57,0
23,78,1
23,50,0
23,32,0
23,56,1
23,53,0
23,95,0
23,25,0
23,17,1
23,14,1
23,1,0
23,52,1
23,58,2
23,21,1
23,97,3
23,24,3
23,51,2
23,6,2
23,4,0
23,77,0
23,72,0
23,40,0
23,87,0
23,22,3
23,46,0
23,20,2
23,38,0
23,83,0
23,54,0
23,79,0
23,59,0
23,0,2
23,31,0
23,60,0
23,37,3
23,89,3
23,33,1
23,70,0
23,23,0
23,8,0
23,98,1
23,75,0
23,26,0
23,68,2
23,69,0
23,94,2
23,7,0
23,27,0
23,16,1
24,87,0
24,83,0
24,51,2
24,60,0
24,15,0
24,46,0
24,73,0
24,90,0
24,74,0
24,2,0
24,94,2
24,57,0
24,65,4
24,1,1
24,91,2
24,97,3
24,99,3
24,81,1
24,24,3
24,85,2
24,44,0
24,68,2
24,22,3
24,58,2
24,52,1
24,0,2
24,88,0
24,53,0
24,26,0
24,40,0
24,78,1
24,72,0
24,30,2
24,98,1
24,6,1
24,93,1
24,11,2
24,76,1
24,84,0
24,54,0
24,48,0
24,25,1
24,33,0
24,35,0
24,56,1
24,28,2
24,38,0
24,75,0
24,16,0
24,64,1
24,49,0
24,29,1
24,69,0
24,77,0
24,17,1
24,36,0
24,92,1
24,66,0
24,63,0
24,59,0
24,39,4
24,67,1
24,41,0
24,4,1
24,47,1
24,62,0
24,18,2
24,71,0
24,79,1
24,20,2
24,70,0
24,31,1
24,7,0
24,8,0
24,45,0
24,14,0
24,19,0
24,86,5
24,32,0
24,3,5
24,34,2
24,42,5
24,89,3
24,82,1
24,9,1
24,55,0
24,5,1
24,27,0
24,21,1
24,37,2
24,43,2
24,95,0
24,23,0
24,10,0
24,96,2
24,50,0
24,13,0
24,12,1
24,80,0
24,61,6
25,48,0
25,20,2
25,10,0
25,21,1
25,94,2
25,72,2
25,23,0
25,61,6
25,6,1
25,83,0
25,47,1
25,62,1
25,36,0
25,25,2
25,33,0
25,76,0
25,63,0
25,95,0
25,39,4
25,52,0
25,13,0
25,84,0
25,45,1
25,3,5
25,73,0
25,31,1
25,17,0
25,8,1
25,14,0
25,98,1
25,43,3
25,24,3
25,41,0
25,99,3
25,90,0
25,81,0
25,96,3
25,42,6
25,7,1
25,60,0
25,59,1
25,30,2
25,18,2
25,32,0
25,56,1
25,55,0
25,37,2
25,2,0
25,93,1
25,66,0
25,40,0
25,9,1
25,46,0
25,91,2
25,51,2
25,78,1
25,0,2
25,68,1
25,53,0
25,82,1
25,70,0
25,87,0
25,4,0
25,85,1
25,65,4
25,79,0
25,27,0
25,80,0
25,64,1
25,22,3
25,34,2
25,26,0
25,69,0
25,97,3
25,28,2
25,54,0
25,15,1
25,92,0
25,58,2
25,77,0
25,35,0
25,75,0
25,67,0
25,86,4
25,74,0
25,88,0
25,5,1
25,49,1
25,12,0
25,29,1
25,19,0
25,44,0
25,50,0
25,1,0
25,57,0
25,89,3
25,71,0
25,16,0
25,38,0
25,11,2
26,32,0
26,4,0
26,59,0
26,48,0
26,15,1
26,20,2
26,93,1
26,12,0
26,25,2
26,78,1
26,27,0
26,36,1
26,91,1
26,63,0
26,69,0
26,5,1
26,45,0
26,76,0
26,11,2
26,34,2
26,43,3
26,47,2
26,84,1
26,62,1
26,68,0
26,64,1
26,38,0
26,22,3
26,40,0
26,61,6
26,92,0
26,95,0
26,99,3
26,53,0
26,96,3
26,80,0
26,57,1
26,52,0
26,1,0
26,72,1
26,44,0
26,49,1
26,86,3
26,88,0
26,55,1
26,2,0
26,39,4
26,97,2
26,98,0
26,3,6
26,87,0
26,14,0
26,56,3
26,81,1
26,37,1
26,74,0
26,58,2
26,94,3
26,89,2
26,19,0
26,50,0
26,42,7
26,33,0
26,35,0
26,21,0
26,18,2
26,60,0
26,24,3
26,70,0
26,7,2
26,28,1
26,0,1
26,83,0
26,31,0
26,66,0
26,16,0
26,77,0
26,71,0
26,67,1
26,23,0
26,13,0
26,75,0
26,51,1
26,8,1
26,85,1
26,29,1
26,54,0
26,10,0
26,41,0
26,6,1
26,82,1
26,79,1
26,65,4
26,17,0
26,9,1
26,73,0
26,46,0
26,26,0
26,30,3
26,90,0
27,2,0
27,45,0
27,51,2
27,34,2
27,7,2
27,99,3
27,59,1
27,80,0
27,93,1
27,3,6
27,36,1
27,33,0
27,67,0
27,21,0
27,73,0
27,41,1
27,82,1
27,60,0
27,98,0
27,54,3
27,23,0
27,57,0
27,20,2
27,89,2
27,10,0
27,42,7
27,64,1
27,39,4
27,6,1
27,91,1
27,16,0
27,86,2
27,94,3
27,1,0
27,78,1
27,32,0
27,22,3
27,25,2
27,14,0
27,77,0
27,63,0
27,68,0
27,12,0
27,69,0
27,24,3
27,71,1
27,40,0
27,26,1
27,66,0
27,85,1
27,11,2
27,38,0
27,75,2
27,62,1
27,74,0
27,65,4
27,79,1
27,88,0
27,13,0
27,50,0
27,47,1
27,15,1
27,53,0
27,29,1
27,8,1
27,27,0
27,55,0
27,72,1
27,4,0
27,97,2
27,31,0
27,58,2
27,81,1
27,92,0
27,87,0
27,37,1
27,56,3
27,18,2
27,76,0
27,61,5
27,48,0
27,43,3
27,84,1
27,96,2
27,0,1
27,52,0
27,90,0
27,70,0
27,19,0
27,95,0
27,49,1
27,28,0
27,17,0
27,44,0
27,35,0
27,30,3
27,5,0
27,83,0
27,46,0
27,9,0
28,55,0
28,70,0
28,66,0
28,24,3
28,23,0
28,75,2
28,37,0
28,41,2
28,77,0
28,85,2
28,51,2
28,9,1
28,58,2
28,2,0
28,4,0
28,7,2
28,28,0
28,35,0
28,94,3
28,57,0
28,8,1
28,39,4
28,30,3
28,87,0
28,82,1
28,68,0
28,92,0
28,43,4
28,3,6
28,15,1
28,13,1
28,54,3
28,31,0
28,71,0
28,56,4
28,47,1
28,61,5
28,46,0
28,72,1
28,64,1
28,20,2
28,67,0
28,97,2
28,86,2
28,6,1
28,89,2
28,16,0
28,22,3
28,53,0
28,88,0
28,1,0
28,91,1
28,27,0
28,34,1
28,50,0
28,19,0
28,38,0
28,0,1
28,60,1
28,11,2
28,36,1
28,81,0
28,5,0
28,84,1
28,69,0
28,98,0
28,29,2
28,73,0
28,95,0
28,74,0
28,93,0
28,79,0
28,90,0
28,48,0
28,76,0
28,59,0
28,80,0
28,45,0
28,99,2
28,32,0
28,40,0
28,65,4
28,78,0
28,18,1
28,62,1
28,63,0
28,21,0
28,52,0
28,44,0
28,96,2
28,26,1
28,33,0
28,83,0
28,42,7
28,14,1
28,17,0
28,12,1
28,25,2
28,10,0
28,49,1
29,29,2
29,25,1
29,30,2
29,50,0
29,87,0
29,14,1
29,98,0
29,75,2
29,3,6
29,15,1
29,12,1
29,19,0
29,63,0
29,21,0
29,95,0
29,58,1
29,60,1
29,7,2
29,38,0
29,81,0
29,46,0
29,0,0
29,11,2
29,13,1
29,45,0
29,24,3
29,20,2
29,55,0
29,35,0
29,92,0
29,57,1
29,43,3
29,62,1
29,53,0
29,94,3
29,67,0
29,28,0
29,91,1
29,52,0
29,77,0
29,71,1
29,34,2
29,79,1
29,61,6
29,47,1
29,89,2
29,83,0
29,78,1
29,64,1
29,42,7
29,93,0
29,40,0
29,26,1
29,90,0
29,68,0
29,22,3
29,44,0
29,76,0
29,66,0
29,6,1
29,99,1
29,39,3
29,36,1
29,32,0
29,85,2
29,8,1
29,86,2
29,31,2
29,5,1
29,97,1
29,84,2
29,54,3
29,59,0
29,70,0
29,27,0
29,33,0
29,65,4
29,18,1
29,17,0
29,1,0
29,72,0
29,9,1
29,80,0
29,41,1
29,88,1
29,49,1
29,16,0
29,23,0
29,96,2
29,4,0
29,2,0
29,37,0
29,74,0
29,82,1
29,73,0
29,69,0
29,48,0
29,51,1
29,10,0
29,56,4
30,17,0
30,65,4
30,4,1
30,2,0
30,80,0
30,0,1
30,85,2
30,83,0
30,48,0
30,26,0
30,95,0
30,61,5
30,72,0
30,7,2
30,12,1
30,69,0
30,30,1
30,49,1
30,22,3
30,9,1
30,74,0
30,50,0
30,92,0
30,97,1
30,75,2
30,57,0
30,36,1
30,16,0
30,20,2
30,43,3
30,59,0
30,24,2
30,86,2
30,38,0
30,10,1
30,11,1
30,84,2
30,88,2
30,8,1
30,77,0
30,98,1
30,54,2
30,14,1
30,58,2
30,90,0
30,3,6
30,76,0
30,21,0
30,40,0
30,78,0
30,89,3
30,39,3
30,47,0
30,45,1
30,35,0
30,63,0
30,62,1
30,91,1
30,87,0
30,28,0
30,25,1
30,33,0
30,41,0
30,18,2
30,27,0
30,94,3
30,42,7
30,66,0
30,1,0
30,46,0
30,93,0
30,81,0
30,99,1
30,70,0
30,32,1
30,13,1
30,60,0
30,82,1
30,44,0
30,34,2
30,79,0
30,56,5
30,52,0
30,6,1
30,73,0
30,19,1
30,96,2
30,37,0
30,5,2
30,67,0
30,55,0
30,51,0
30,53,1
30,15,1
30,31,1
30,68,0
30,71,0
30,23,0
30,64,2
30,29,2
31,6,1
31,59,0
31,32,1
31,38,0
31,70,0
31,72,0
31,68,0
31,85,2
31,9,0
31,62,1
31,88,2
31,44,0
31,97,1
31,95,0
31,2,0
31,1,0
31,41,0
31,39,3
31,77,0
31,49,1
31,87,0
31,30,0
31,50,0
31,19,1
31,58,1
31,60,0
31,43,3
31,26,0
31,65,4
31,0,1
31,55,0
31,83,0
31,79,0
31,99,1
31,90,0
31,10,1
31,66,0
31,78,0
31,12,1
31,53,1
31,37,1
31,29,2
31,64,2
31,52,0
31,22,2
31,40,0
31,11,1
31,48,0
31,84,2
31,7,3
31,14,1
31,46,0
31,4,0
31,24,1
31,51,0
31,80,0
31,69,0
31,15,1
31,36,1
31,71,0
31,67,0
31,57,1
31,74,0
31,56,5
31,86,2
31,17,0
31,34,2
31,3,6
31,93,0
31,89,3
31,20,1
31,98,2
31,42,7
31,5,2
31,8,1
31,73,0
31,31,2
31,81,1
31,47,0
31,16,0
31,61,5
31,96,2
31,92,0
31,25,2
31,28,0
31,45,0
31,18,2
31,63,0
31,76,0
31,21,0
31,35,0
31,27,0
31,13,1
31,33,0
31,23,0
31,91,1
31,94,3
31,75,3
31,54,2
31,82,1
32,11,1
32,54,1
32,29,2
32,20,1
32,79,0
32,95,0
32,56,5
32,61,5
32,28,0
32,99,1
32,24,1
32,48,1
32,14,1
32,88,2
32,81,1
32,82,1
32,98,2
32,90,0
32,72,0
32,8,0
32,39,2
32,15,1
32,52,0
32,53,2
32,27,0
32,42,7
32,6,1
32,30,0
32,7,3
32,49,0
32,71,0
32,47,1
32,92,1
32,12,1
32,1,0
32,77,0
32,10,1
32,2,0
32,66,0
32,17,0
32,26,0
32,50,0
32,65,4
32,67,1
32,78,0
32,3,6
32,70,1
32,45,0
32,22,1
32,84,1
32,63,0
32,96,1
32,87,1
32,40,0
32,33,0
32,58,1
32,93,1
32,74,0
32,35,0
32,32,2
32,89,3
32,57,0
32,59,0
32,68,0
32,73,0
32,18,2
32,55,0
32,41,0
32,34,2
32,97,1
32,23,0
32,85,2
32,60,1
32,83,0
32,0,1
32,75,3
32,91,1
32,4,0
32,9,0
32,16,1
32,64,1
32,31,1
32,5,1
32,46,0
32,51,0
32,94,3
32,25,1
32,21,0
32,19,1
32,36,1
32,13,1
32,62,2
32,69,0
32,86,2
32,37,0
32,38,0
32,80,0
32,43,3
32,44,0
32,76,1
33,79,1
33,19,1
33,49,0
33,72,0
33,85,3
33,66,0
33,46,0
33,55,0
33,20,2
33,87,3
33,22,1
33,71,0
33,39,2
33,40,0
33,83,1
33,34,3
33,94,3
33,35,0
33,52,0
33,42,6
33,41,0
33,56,4
33,70,0
33,5,2
33,24,0
33,65,4
33,43,3
33,57,0
33,78,0
33,88,2
33,17,0
33,67,0
33,77,0
33,36,1
33,15,1
33,1,0
33,92,1
33,90,0
33,97,1
33,84,1
33,93,2
33,6,1
33,74,0
33,33,0
33,86,2
33,11,1
33,51,0
33,47,1
33,98,1
33,73,0
33,10,0
33,60,0
33,16,1
33,89,3
33,54,1
33,95,0
33,58,1
33,13,1
33,68,1
33,75,4
33,44,0
33,21,0
33,4,1
33,14,1
33,18,3
33,12,1
33,45,0
33,30,1
33,91,1
33,28,0
33,7,5
33,59,0
33,9,0
33,99,1
33,81,1
33,61,4
33,50,0
33,0,0
33,25,0
33,32,2
33,8,0
33,69,0
33,62,2
33,96,1
33,63,0
33,37,0
33,23,0
33,82,1
33,53,1
33,26,0
33,38,0
33,76,1
33,64,0
33,31,0
33,2,0
33,80,0
33,48,0
33,27,0
33,29,1
33,3,6
34,72,0
34,55,0
34,7,5
34,77,0
34,84,1
34,50,0
34,38,0
34,60,0
34,74,1
34,37,0
34,62,1
34,57,0
34,56,4
34,30,1
34,10,0
34,14,0
34,69,0
34,54,1
34,5,2
34,2,0
34,6,1
34,87,2
34,13,1
34,66,0
34,90,0
34,48,1
34,36,1
34,1,0
34,65,5
34,12,1
34,93,1
34,52,0
34,17,0
34,21,0
34,20,2
34,32,2
34,45,0
34,33,0
34,22,1
34,59,0
34,94,2
34,0,0
34,40,0
34,18,3
34,89,3
34,44,0
34,47,0
34,61,5
34,95,0
34,81,2
34,97,1
34,64,1
34,53,1
34,49,0
34,73,0
34,88,2
34,43,2
34,8,0
34,4,1
34,75,4
34,68,1
34,63,1
34,76,1
34,96,1
34,71,2
34,29,0
34,42,6
34,39,1
34,15,1
34,80,0
34,67,0
34,35,0
34,82,1
34,51,0
34,83,1
34,16,1
34,24,0
34,11,0
34,23,0
34,46,1
34,3,5
34,19,0
34,28,0
34,79,1
34,92,1
34,78,0
34,86,2
34,98,2
34,91,1
34,58,1
34,70,0
34,31,1
34,85,3
34,41,0
34,25,0
34,99,1
34,9,1
34,34,2
34,27,0
34,26,0
35,49,1
35,9,1
35,51,0
35,28,0
35,71,3
35,88,1
35,50,0
35,45,1
35,99,1
35,83,1
35,10,0
35,90,0
35,14,0
35,54,1
35,58,0
35,94,2
35,42,6
35,59,0
35,89,2
35,98,1
35,70,0
35,26,0
35,23,0
35,81,1
35,38,0
35,48,1
35,32,2
35,95,1
35,1,0
35,56,3
35,68,2
35,79,0
35,65,5
35,35,0
35,34,2
35,25,1
35,72,1
35,63,1
35,61,5
35,17,0
35,7,5
35,4,1
35,40,0
35,5,2
35,2,1
35,75,4
35,31,0
35,92,1
35,33,0
35,69,1
35,21,0
35,93,1
35,74,0
35,13,2
35,60,0
35,29,0
35,67,0
35,57,1
35,12,1
35,76,1
35,47,0
35,80,0
35,27,0
35,18,2
35,41,0
35,22,1
35,66,0
35,53,0
35,82,0
35,73,0
35,62,1
35,55,0
35,19,1
35,11,0
35,0,0
35,30,1
35,52,0
35,87,1
35,44,0
35,24,0
35,46,2
35,20,2
35,8,0
35,6,1
35,36,2
35,39,2
35,16,1
35,78,0
35,15,0
35,97,1
35,86,1
35,64,2
35,84,1
35,85,2
35,77,0
35,3,5
35,96,2
35,43,1
35,91,1
35,37,0
36,5,2
36,41,0
36,4,1
36,37,1
36,18,1
36,84,0
36,2,1
36,15,0
36,91,1
36,96,2
36,26,0
36,7,5
36,3,6
36,87,1
36,63,1
36,77,0
36,59,0
36,94,3
36,69,1
36,90,0
36,56,2
36,6,1
36,40,0
36,82,0
36,65,5
36,33,0
36,0,0
36,80,0
36,19,1
36,86,1
36,93,1
36,88,0
36,38,1
36,61,4
36,64,1
36,12,1
36,78,0
36,54,1
36,24,1
36,73,0
36,29,0
36,81,1
36,83,0
36,50,0
36,8,0
36,98,1
36,92,1
36,14,0
36,95,1
36,17,0
36,28,0
36,42,6
36,13,2
36,89,1
36,21,0
36,48,1
36,75,4
36,74,0
36,70,0
36,32,2
36,68,2
36,10,1
36,55,0
36,76,1
36,62,1
36,46,1
36,51,0
36,47,0
36,16,1
36,72,1
36,71,4
36,53,0
36,99,1
36,30,0
36,20,3
36,23,0
36,34,2
36,67,2
36,31,0
36,97,0
36,60,0
36,58,0
36,25,2
36,66,0
36,43,1
36,22,1
36,9,1
36,11,0
36,49,1
36,85,2
36,52,0
36,36,3
36,1,0
36,45,0
36,44,0
36,79,0
36,35,0
36,27,0
36,57,1
36,39,2
37,84,0
37,31,0
37,94,2
37,10,1
37,19,1
37,49,2
37,62,0
37,41,0
37,1,0
37,18,2
37,43,1
37,28,0
37,95,1
37,52,0
37,89,1
37,2,1
37,63,0
37,22,0
37,4,0
37,78,0
37,40,0
37,91,2
37,14,0
37,30,1
37,24,1
37,38,1
37,3,6
37,48,1
37,86,1
37,64,1
37,66,0
37,50,0
37,61,5
37,82,0
37,26,0
37,72,2
37,74,0
37,80,0
37,58,0
37,97,0
37,67,2
37,16,1
37,99,1
37,33,0
37,0,0
37,83,0
37,98,1
37,15,0
37,69,0
37,27,1
37,54,1
37,6,1
37,25,2
37,56,2
37,73,0
37,90,0
37,35,0
37,21,0
37,51,0
37,23,0
37,32,1
37,65,5
37,11,1
37,81,1
37,5,1
37,9,1
37,8,0
37,44,1
37,88,1
37,37,1
37,17,0
37,68,2
37,77,0
37,20,3
37,70,0
37,76,0
37,7,4
37,13,2
37,93,1
37,45,0
37,71,4
37,85,2
37,87,2
37,60,0
37,92,1
37,42,5
37,46,2
37,55,0
37,12,0
37,79,0
37,59,0
37,36,3
37,34,2
37,39,2
37,47,1
37,57,1
37,96,2
37,53,0
37,29,0
37,75,3
38,43,1
38,10,1
38,32,0
38,26,0
38,96,2
38,33,0
38,87,3
38,53,0
38,66,0
38,90,0
38,27,1
38,57,1
38,8,0
38,68,2
38,80,0
38,13,2
38,67,1
38,22,0
38,86,2
38,85,2
38,28,0
38,59,0
38,51,1
38,95,1
38,72,2
38,1,0
38,93,1
38,55,2
38,20,2
38,18,2
38,5,0
38,70,0
38,41,0
38,4,0
38,91,3
38,94,2
38,78,0
38,38,0
38,36,3
38,25,2
38,14,0
38,45,0
38,52,0
38,6,1
38,92,1
38,75,3
38,71,4
38,12,0
38,54,1
38,82,0
38,89,1
38,19,1
38,40,0
38,3,6
38,77,0
38,76,0
38,0,0
38,39,2
38,48,1
38,69,0
38,23,0
38,46,2
38,7,4
38,17,0
38,34,2
38,15,1
38,44,1
38,9,1
38,61,5
38,65,5
38,81,1
38,49,2
38,74,0
38,35,0
38,63,0
38,64,1
38,31,0
38,30,0
38,99,0
38,16,1
38,47,1
38,21,0
38,42,4
38,84,0
38,56,2
38,88,1
38,11,1
38,50,0
38,73,0
38,62,0
38,60,0
38,37,1
38,98,1
38,2,2
38,58,0
38,83,1
38,24,0
38,97,0
38,29,0
38,79,0
39,98,1
39,69,0
39,85,2
39,0,0
39,50,0
39,70,1
39,77,0
39,49,2
39,62,0
39,15,1
39,73,0
39,27,1
39,46,3
39,88,2
39,65,5
39,55,1
39,64,1
39,71,4
39,34,2
39,14,0
39,74,0
39,84,0
39,26,0
39,12,0
39,40,0
39,11,2
39,51,1
39,89,0
39,68,2
39,60,0
39,1,0
39,81,1
39,17,0
39,75,3
39,22,0
39,96,2
39,25,3
39,93,1
39,53,0
39,44,0
39,54,1
39,67,1
39,72,2
39,42,4
39,94,2
39,28,1
39,10,0
39,79,0
39,7,4
39,43,1
39,61,5
39,39,2
39,33,0
39,36,3
39,32,0
39,86,2
39,4,0
39,20,1
39,56,2
39,82,0
39,95,1
39,21,0
39,16,1
39,63,0
39,3,6
39,48,1
39,29,0
39,31,0
39,37,1
39,13,2
39,45,0
39,97,0
39,76,0
39,52,0
39,2,2
39,9,1
39,57,1
39,47,1
39,66,0
39,78,0
39,99,0
39,83,1
39,18,2
39,41,0
39,5,0
39,35,0
39,24,1
39,87,3
39,80,0
39,91,3
39,30,0
39,92,0
39,23,0
39,58,0
39,90,0
39,59,0
39,19,1
39,8,0
39,38,0
39,6,0
40,21,0
40,55,1
40,77,0
40,64,2
40,65,5
40,88,2
40,42,4
40,51,1
40,75,3
40,96,2
40,98,1
40,17,0
40,76,0
40,12,1
40,97,0
40,44,0
40,92,0
40,79,0
40,31,0
40,66,0
40,33,0
40,81,0
40,23,1
40,83,0
40,16,1
40,94,2
40,56,2
40,69,1
40,70,1
40,85,1
40,47,1
40,37,1
40,74,0
40,86,3
40,19,1
40,29,1
40,7,4
40,13,2
40,8,1
40,15,1
40,71,4
40,5,0
40,41,0
40,84,0
40,28,0
40,60,0
40,78,0
40,53,0
40,39,1
40,27,1
40,72,2
40,9,0
40,89,0
40,46,2
40,14,0
40,67,1
40,25,3
40,62,0
40,95,1
40,90,0
40,38,0
40,59,0
40,26,0
40,22,0
40,20,2
40,11,2
40,2,1
40,24,0
40,68,2
40,18,2
40,61,5
40,91,3
40,3,6
40,49,1
40,50,0
40,4,0
40,80,2
40,63,1
40,34,2
40,57,1
40,1,0
40,35,0
40,73,0
40,45,0
40,0,0
40,87,3
40,99,0
40,54,0
40,36,3
40,58,0
40,93,0
40,10,0
40,48,1
40,52,0
40,40,0
40,43,1
40,30,0
40,6,0
40,82,0
40,32,1
41,32,1
41,27,1
41,57,2
41,85,0
41,91,3
41,23,1
41,38,0
41,53,1
41,88,3
41,65,5
41,36,3
41,74,0
41,0,0
41,89,1
41,41,0
41,17,0
41,12,0
41,42,3
41,98,0
41,34,2
41,50,0
41,81,0
41,24,0
41,48,0
41,25,3
41,77,0
41,63,1
41,83,0
41,84,0
41,90,0
41,45,0
41,20,2
41,95,1
41,16,1
41,97,0
41,39,2
41,86,3
41,94,2
41,99,0
41,66,0
41,60,0
41,8,1
41,71,5
41,7,4
41,15,1
41,43,1
41,47,0
41,62,0
41,49,0
41,37,1
41,29,1
41,51,1
41,76,0
41,79,0
41,59,1
41,33,0
41,19,1
41,75,3
41,80,2
41,52,0
41,69,1
41,1,0
41,96,2
41,26,0
41,21,0
41,92,0
41,28,0
41,68,2
41,87,3
41,61,5
41,44,0
41,82,0
41,78,0
41,35,0
41,4,0
41,67,1
41,13,2
41,14,0
41,73,0
41,2,0
41,58,0
41,55,1
41,9,0
41,93,0
41,46,2
41,31,1
41,70,2
41,30,0
41,56,2
41,40,0
41,18,2
41,64,2
41,22,0
41,72,1
41,10,0
41,6,0
41,5,0
41,54,0
41,11,2
41,3,6
42,91,3
42,48,0
42,53,1
42,38,0
42,69,1
42,26,0
42,30,0
42,23,1
42,87,4
42,2,0
42,51,1
42,50,0
42,94,1
42,40,0
42,95,1
42,99,0
42,34,2
42,18,3
42,41,0
42,54,0
42,6,0
42,98,0
42,0,0
42,93,0
42,25,2
42,47,0
42,27,1
42,70,2
42,75,2
42,36,3
42,4,0
42,44,0
42,63,1
42,39,1
42,32,1
42,59,0
42,64,2
42,37,1
42,80,2
42,52,0
42,16,1
42,20,2
42,77,0
42,82,0
42,35,0
42,12,1
42,76,0
42,83,0
42,45,0
42,10,0
42,90,1
42,72,1
42,7,3
42,21,0
42,67,2
42,84,0
42,13,1
42,46,2
42,19,2
42,58,0
42,79,0
42,14,1
42,3,6
42,15,1
42,55,0
42,33,0
42,65,5
42,42,3
42,22,0
42,92,0
42,71,5
42,8,1
42,17,0
42,28,0
42,74,0
42,62,0
42,29,1
42,56,2
42,1,0
42,89,1
42,86,2
42,5,0
42,61,5
42,88,3
42,43,0
42,66,0
42,81,0
42,73,0
42,49,0
42,24,0
42,96,2
42,60,0
42,11,2
42,85,1
42,97,1
42,68,2
42,31,1
42,78,0
42,9,1
42,57,2
43,78,1
43,6,0
43,87,4
43,7,3
43,42,3
43,69,1
43,38,1
43,84,0
43,37,1
43,76,0
43,74,0
43,16,1
43,73,0
43,97,2
43,21,0
43,35,0
43,2,0
43,77,0
43,0,0
43,65,6
43,12,1
43,61,5
43,25,2
43,70,2
43,96,3
43,5,0
43,23,1
43,31,2
43,34,2
43,89,1
43,86,2
43,36,2
43,11,2
43,67,2
43,28,1
43,79,0
43,88,3
43,14,0
43,44,0
43,71,5
43,30,0
43,29,0
43,57,2
43,60,0
43,20,1
43,72,0
43,81,0
43,40,0
43,75,2
43,56,2
43,80,2
43,62,0
43,13,1
43,8,1
43,24,0
43,3,6
43,94,1
43,39,1
43,90,1
43,32,0
43,58,0
43,93,0
43,59,0
43,85,1
43,48,0
43,43,1
43,82,0
43,98,0
43,83,0
43,92,0
43,1,0
43,15,1
43,9,1
43,68,3
43,10,0
43,51,1
43,17,0
43,50,0
43,47,0
43,49,0
43,33,0
43,22,0
43,19,2
43,27,0
43,99,0
43,26,0
43,66,0
43,64,1
43,45,0
43,41,0
43,52,0
43,4,0
43,63,0
43,53,1
43,18,2
43,91,3
43,46,2
43,95,2
43,55,0
43,54,0
44,76,0
44,17,0
44,84,0
44,66,0
44,43,1
44,70,2
44,63,0
44,8,1
44,77,0
44,36,2
44,88,3
44,45,0
44,23,1
44,93,0
44,15,1
44,64,1
44,25,2
44,9,1
44,18,2
44,52,0
44,60,0
44,26,0
44,54,0
44,31,2
44,38,0
44,82,1
44,19,2
44,83,0
44,41,0
44,11,2
44,48,0
44,14,0
44,1,1
44,33,0
44,51,1
44,13,1
44,71,5
44,58,0
44,16,0
44,2,1
44,67,2
44,35,0
44,91,4
44,34,1
44,24,0
44,10,0
44,95,2
44,20,0
44,27,0
44,12,1
44,85,1
44,99,0
44,74,0
44,39,1
44,30,0
44,96,3
44,50,0
44,0,0
44,37,2
44,6,0
44,72,0
44,98,0
44,61,5
44,68,3
44,89,1
44,21,0
44,92,0
44,79,0
44,56,2
44,90,1
44,42,3
44,87,5
44,57,2
44,80,2
44,46,2
44,5,0
44,73,0
44,32,0
44,55,0
44,97,1
44,47,0
44,65,5
44,49,0
44,53,1
44,22,0
44,4,0
44,75,2
44,3,6
44,7,4
44,78,1
44,29,0
44,44,1
44,94,0
44,69,1
44,28,1
44,59,0
44,40,0
44,86,1
44,81,0
44,62,0
45,54,0
45,52,0
45,31,2
45,94,0
45,74,0
45,90,1
45,17,0
45,73,0
45,58,0
45,45,0
45,22,1
45,67,2
45,41,0
45,12,1
45,93,0
45,59,0
45,6,0
45,3,6
45,57,1
45,63,0
45,62,0
45,79,0
45,95,1
45,14,0
45,84,0
45,56,2
45,89,1
45,76,0
45,20,0
45,66,1
45,13,1
45,10,1
45,77,0
45,39,1
45,44,1
45,8,0
45,53,1
45,25,2
45,36,2
45,49,0
45,70,2
45,65,5
45,47,0
45,48,0
45,24,0
45,43,1
45,33,0
45,80,1
45,88,4
45,4,0
45,35,0
45,81,0
45,83,0
45,51,1
45,71,4
45,55,1
45,16,0
45,97,1
45,1,0
45,68,3
45,21,0
45,75,2
45,27,0
45,11,2
45,0,0
45,46,2
45,7,4
45,61,5
45,86,1
45,91,4
45,82,1
45,15,1
45,85,1
45,38,0
45,87,5
45,37,2
45,9,1
45,96,3
45,92,1
45,28,0
45,99,0
45,60,0
45,5,0
45,50,0
45,69,1
45,19,2
45,72,0
45,30,0
45,42,3
45,2,0
45,18,2
45,26,0
45,78,2
45,29,0
45,32,0
45,23,1
45,64,1
45,34,2
45,40,0
45,98,0
46,10,2
46,20,0
46,17,1
46,55,1
46,5,0
46,71,3
46,99,1
46,43,1
46,4,1
46,91,4
46,2,0
46,34,1
46,38,1
46,60,0
46,14,0
46,48,0
46,37,2
46,23,1
46,52,0
46,57,1
46,15,0
46,79,0
46,80,1
46,61,4
46,58,1
46,82,0
46,51,1
46,33,0
46,30,0
46,16,0
46,3,6
46,67,2
46,54,0
46,56,1
46,89,1
46,8,0
46,49,0
46,59,0
46,65,5
46,75,3
46,45,0
46,21,0
46,35,0
46,98,0
46,97,2
46,36,2
46,96,3
46,90,0
46,42,3
46,1,0
46,95,1
46,81,0
46,77,0
46,47,0
46,72,0
46,84,0
46,66,1
46,93,0
46,39,1
46,11,2
46,53,1
46,9,1
46,74,0
46,44,1
46,46,1
46,13,1
46,87,4
46,83,0
46,7,4
46,28,0
46,85,0
46,41,0
46,70,1
46,26,0
46,68,4
46,6,0
46,76,0
46,31,1
46,27,0
46,69,2
46,50,0
46,86,1
46,22,2
46,88,4
46,12,1
46,24,1
46,94,1
46,29,0
46,25,2
46,62,0
46,63,0
46,78,3
46,64,0
46,40,0
46,18,2
46,32,0
46,19,2
46,92,0
46,73,0
46,0,0
47,15,0
47,96,3
47,43,1
47,60,0
47,45,0
47,44,2
47,57,0
47,99,2
47,6,1
47,55,1
47,47,1
47,42,2
47,33,0
47,72,0
47,30,0
47,12,1
47,53,2
47,59,0
47,24,1
47,35,0
47,64,0
47,25,2
47,29,1
47,58,0
47,8,0
47,70,1
47,2,0
47,37,2
47,94,0
47,51,1
47,26,0
47,9,0
47,38,1
47,61,4
47,48,0
47,73,1
47,36,2
47,82,0
47,69,2
47,78,3
47,3,5
47,97,3
47,34,1
47,54,0
47,95,0
47,40,0
47,27,0
47,85,0
47,62,0
47,18,1
47,10,2
47,63,0
47,68,4
47,74,0
47,77,0
47,19,2
47,46,1
47,14,0
47,4,1
47,41,1
47,98,0
47,1,0
47,32,0
47,22,2
47,23,0
47,86,1
47,49,0
47,67,2
47,56,2
47,84,0
47,0,0
47,5,0
47,31,0
47,90,0
47,65,5
47,16,1
47,87,4
47,79,0
47,91,4
47,20,0
47,93,0
47,50,0
47,76,1
47,89,1
47,17,1
47,11,2
47,21,1
47,7,4
47,71,3
47,13,0
47,83,0
47,75,3
47,80,0
47,28,0
47,52,0
47,88,3
47,81,0
47,66,1
47,92,0
47,39,1
48,34,1
48,71,3
48,97,3
48,4,1
48,22,2
48,8,0
48,3,5
48,91,4
48,1,0
48,73,0
48,38,1
48,96,3
48,12,1
48,42,2
48,55,1
48,85,1
48,65,5
48,77,0
48,95,0
48,88,4
48,93,0
48,54,0
48,17,2
48,16,0
48,46,0
48,26,0
48,33,0
48,69,2
48,23,0
48,87,4
48,90,0
48,37,1
48,74,0
48,35,0
48,49,0
48,15,0
48,21,1
48,20,0
48,59,0
48,36,1
48,25,2
48,14,0
48,52,0
48,18,1
48,64,0
48,44,2
48,45,0
48,13,0
48,82,0
48,31,0
48,30,0
48,60,0
48,70,2
48,28,0
48,98,0
48,50,1
48,48,1
48,94,1
48,29,0
48,56,2
48,72,1
48,89,1
48,67,2
48,84,0
48,19,2
48,10,2
48,40,0
48,76,1
48,75,4
48,80,0
48,51,1
48,61,4
48,27,0
48,99,1
48,68,4
48,41,0
48,0,0
48,2,0
48,9,0
48,63,0
48,53,2
48,57,0
48,5,0
48,24,1
48,92,0
48,58,0
48,83,0
48,79,0
48,7,3
48,66,1
48,6,1
48,32,0
48,78,4
48,39,0
48,43,1
48,62,0
48,86,1
48,11,2
48,47,1
48,81,0
49,94,1
49,96,2
49,33,0
49,46,1
49,79,0
49,90,0
49,55,1
49,53,2
49,2,0
49,86,1
49,17,1
49,18,1
49,47,1
49,97,3
49,59,0
49,6,1
49,63,0
49,11,1
49,13,0
49,74,0
49,8,0
49,42,3
49,7,3
49,30,0
49,93,0
49,16,0
49,49,0
49,52,0
49,62,1
49,41,0
49,14,0
49,82,0
49,78,4
49,81,0
49,70,2
49,76,1
49,92,0
49,51,1
49,38,1
49,91,4
49,45,0
49,84,0
49,31,1
49,80,0
49,23,0
49,95,1
49,40,0
49,58,0
49,3,4
49,85,0
49,4,0
49,27,0
49,71,3
49,89,1
49,15,0
49,24,1
49,60,0
49,12,2
49,43,1
49,10,2
49,5,0
49,34,1
49,36,1
49,88,4
49,64,0
49,54,0
49,68,4
49,57,0
49,83,0
49,1,0
49,0,0
49,26,0
49,20,0
49,32,0
49,37,2
49,19,3
49,56,2
49,72,2
49,65,4
49,29,0
49,25,1
49,66,0
49,69,1
49,48,1
49,75,4
49,77,0
49,44,2
49,67,2
49,50,1
49,73,0
49,99,1
49,87,3
49,35,0
49,98,0
49,61,4
49,28,0
49,21,1
49,39,0
49,9,2
49,22,2
50,2,1
50,57,1
50,72,2
50,95,1
50,59,0
50,54,0
50,7,3
50,92,0
50,81,0
50,34,0
50,9,2
50,70,2
50,45,0
50,88,4
50,17,1
50,11,1
50,30,1
50,58,0
50,41,0
50,93,0
50,90,0
50,51,1
50,96,2
50,49,0
50,66,0
50,76,1
50,56,2
50,86,1
50,27,0
50,10,1
50,73,0
50,67,2
50,74,0
50,44,2
50,85,0
50,47,1
50,64,0
50,0,0
50,78,4
50,99,1
50,50,1
50,20,0
50,21,0
50,98,0
50,24,0
50,1,0
50,61,4
50,35,0
50,31,1
50,89,1
50,65,3
50,6,1
50,62,1
50,91,4
50,71,3
50,46,2
50,80,0
50,68,4
50,12,2
50,38,1
50,3,5
50,25,1
50,48,1
50,87,3
50,13,0
50,5,0
50,22,2
50,15,0
50,43,0
50,53,2
50,82,0
50,16,0
50,23,0
50,77,0
50,52,0
50,29,0
50,8,1
50,55,0
50,63,0
50,14,0
50,40,0
50,94,1
50,42,4
50,84,0
50,26,0
50,4,0
50,97,3
50,83,0
50,60,0
50,28,0
50,33,0
50,18,1
50,32,0
50,39,0
50,19,3
50,36,1
50,69,1
50,75,4
50,37,1
50,79,1
51,13,0
51,81,0
51,84,0
51,38,1
51,35,0
51,47,1
51,51,1
51,29,0
51,88,4
51,26,0
51,77,0
51,68,4
51,36,1
51,5,0
51,2,0
51,96,1
51,98,0
51,11,1
51,85,1
51,33,0
51,65,3
51,75,3
51,58,0
51,14,0
51,10,0
51,22,2
51,70,2
51,25,1
51,71,3
51,31,2
51,63,0
51,48,0
51,60,0
51,99,1
51,40,0
51,3,5
51,66,0
51,23,0
51,73,0
51,86,0
51,45,0
51,6,1
51,41,0
51,50,1
51,76,3
51,9,2
51,42,4
51,49,1
51,59,0
51,89,1
51,55,1
51,16,0
51,34,0
51,67,2
51,82,0
51,43,1
51,79,0
51,97,3
51,94,1
51,21,0
51,78,4
51,93,0
51,91,4
51,19,3
51,1,0
51,15,0
51,53,2
51,57,1
51,61,4
51,4,0
51,32,0
51,44,2
51,52,0
51,20,0
51,95,0
51,69,1
51,28,0
51,46,2
51,27,0
51,92,0
51,37,2
51,62,1
51,24,0
51,72,3
51,18,1
51,30,0
51,83,0
51,90,0
51,7,3
51,54,0
51,12,2
51,87,3
51,17,1
51,80,0
51,8,1
51,74,0
51,39,0
51,0,0
51,64,0
51,56,2
52,5,0
52,23,0
52,79,0
52,80,0
52,64,0
52,8,1
52,97,2
52,9,2
52,70,1
52,90,0
52,92,0
52,86,0
52,31,2
52,93,0
52,57,1
52,50,1
52,41,0
52,52,0
52,26,0
52,63,1
52,3,6
52,82,0
52,54,0
52,12,2
52,84,0
52,35,0
52,33,0
52,65,3
52,13,2
52,43,2
52,60,0
52,76,4
52,38,1
52,7,3
52,99,1
52,46,2
52,42,3
52,30,1
52,11,1
52,98,0
52,44,2
52,91,4
52,66,0
52,53,2
52,48,0
52,78,4
52,88,4
52,16,0
52,45,0
52,24,0
52,0,0
52,62,1
52,34,0
52,49,1
52,67,2
52,81,0
52,59,0
52,89,1
52,6,1
52,61,4
52,21,0
52,36,0
52,4,0
52,1,0
52,47,1
52,2,0
52,19,2
52,39,0
52,55,1
52,72,4
52,51,1
52,28,1
52,18,1
52,75,3
52,29,0
52,56,2
52,37,1
52,25,1
52,58,0
52,94,1
52,77,0
52,15,0
52,27,0
52,20,0
52,68,4
52,73,0
52,95,0
52,22,1
52,69,1
52,83,0
52,85,1
52,40,0
52,74,0
52,87,3
52,96,0
52,14,0
52,71,3
52,32,0
52,10,0
52,17,0
53,66,0
53,76,4
53,79,0
53,93,0
53,10,0
53,91,4
53,49,1
53,68,4
53,16,0
53,31,4
53,58,0
53,56,2
53,28,0
53,5,1
53,57,0
53,83,0
53,21,0
53,39,0
53,80,0
53,59,0
53,36,0
53,62,0
53,33,1
53,35,0
53,3,7
53,30,1
53,43,2
53,60,0
53,89,0
53,24,0
53,0,0
53,32,0
53,44,2
53,73,0
53,67,2
53,42,3
53,1,0
53,81,0
53,90,0
53,61,4
53,64,0
53,45,0
53,50,0
53,52,1
53,69,1
53,15,0
53,92,0
53,74,0
53,75,2
53,27,0
53,51,0
53,38,0
53,40,0
53,19,2
53,77,0
53,8,1
53,65,3
53,47,1
53,70,1
53,4,1
53,37,2
53,87,3
53,86,0
53,23,0
53,41,0
53,78,4
53,71,3
53,94,1
53,85,1
53,6,1
53,72,3
53,88,4
53,9,3
53,12,1
53,46,2
53,11,1
53,84,0
53,20,0
53,82,0
53,55,1
53,98,0
53,25,1
53,14,0
53,2,0
53,95,0
53,96,0
53,97,1
53,34,0
53,99,1
53,18,1
53,26,0
53,48,0
53,63,2
53,54,1
53,13,2
53,22,1
53,29,0
53,17,0
53,7,3
53,53,2
54,18,1
54,62,0
54,73,0
54,72,3
54,26,0
54,43,2
54,56,2
54,8,1
54,99,1
54,93,0
54,30,3
54,58,0
54,75,2
54,50,0
54,41,0
54,23,0
54,61,3
54,21,0
54,69,1
54,67,2
54,82,0
54,60,0
54,83,0
54,59,0
54,39,0
54,12,1
54,49,1
54,11,1
54,38,0
54,55,1
54,4,2
54,74,0
54,64,1
54,22,0
54,0,0
54,52,0
54,37,2
54,35,0
54,19,1
54,68,4
54,27,0
54,66,0
54,98,0
54,97,1
54,81,0
54,48,0
54,33,1
54,20,0
54,40,0
54,78,4
54,88,4
54,53,2
54,16,0
54,13,2
54,1,0
54,57,0
54,6,1
54,92,0
54,85,2
54,17,0
54,14,0
54,24,0
54,25,1
54,90,0
54,28,0
54,36,0
54,80,0
54,79,0
54,76,4
54,7,3
54,89,0
54,71,3
54,34,1
54,3,7
54,46,2
54,15,0
54,51,0
54,91,3
54,95,0
54,47,1
54,32,0
54,9,4
54,42,2
54,29,1
54,63,1
54,94,2
54,70,0
54,77,0
54,65,3
54,54,1
54,31,3
54,2,0
54,5,1
54,10,0
54,87,2
54,45,0
54,86,1
54,44,2
54,96,0
54,84,0
55,1,0
55,54,1
55,97,1
55,84,0
55,71,3
55,10,0
55,64,0
55,13,2
55,75,2
55,39,0
55,3,7
55,82,0
55,45,0
55,83,0
55,96,0
55,87,2
55,29,1
55,30,3
55,14,0
55,55,1
55,12,2
55,36,0
55,17,0
55,98,0
55,94,2
55,16,0
55,58,0
55,67,2
55,44,1
55,95,0
55,78,4
55,11,1
55,68,4
55,2,0
55,50,0
55,62,0
55,93,0
55,63,1
55,60,0
55,48,0
55,85,1
55,90,0
55,9,3
55,27,0
55,37,2
55,32,1
55,38,0
55,57,0
55,0,0
55,88,4
55,28,0
55,43,2
55,74,0
55,53,2
55,80,0
55,22,0
55,72,2
55,81,1
55,79,0
55,77,0
55,31,4
55,21,0
55,91,3
55,46,2
55,26,0
55,8,1
55,61,3
55,66,0
55,19,1
55,5,1
55,49,1
55,65,3
55,25,1
55,73,0
55,7,3
55,42,2
55,41,0
55,76,5
55,4,1
55,40,0
55,15,0
55,86,0
55,6,1
55,89,0
55,52,0
55,18,1
55,56,1
55,47,2
55,59,0
55,35,0
55,34,1
55,70,0
55,24,1
55,51,0
55,69,2
55,23,0
55,33,1
55,92,0
55,99,1
55,20,0
56,39,0
56,36,0
56,30,2
56,64,0
56,73,0
56,10,0
56,54,1
56,26,0
56,44,1
56,90,0
56,41,0
56,6,0
56,66,0
56,98,0
56,52,0
56,4,1
56,92,0
56,43,1
56,83,0
56,15,0
56,86,0
56,97,1
56,27,0
56,62,0
56,35,1
56,77,0
56,63,0
56,93,0
56,68,4
56,29,0
56,12,2
56,59,0
56,99,0
56,7,3
56,11,3
56,79,0
56,45,0
56,72,2
56,32,1
56,8,1
56,34,1
56,91,3
56,57,0
56,0,2
56,70,1
56,49,1
56,48,0
56,21,0
56,23,0
56,25,1
56,67,3
56,61,3
56,53,2
56,1,0
56,94,2
56,74,1
56,95,0
56,33,1
56,14,0
56,85,1
56,2,0
56,31,4
56,89,0
56,84,0
56,58,0
56,46,1
56,13,3
56,40,0
56,78,4
56,82,0
56,81,1
56,28,0
56,3,6
56,87,3
56,69,2
56,96,0
56,19,1
56,5,1
56,50,0
56,42,1
56,24,2
56,20,0
56,51,0
56,56,1
56,37,2
56,22,0
56,16,1
56,38,0
56,65,4
56,80,0
56,55,0
56,88,3
56,47,1
56,9,4
56,17,0
56,18,1
56,75,1
56,71,3
56,76,4
56,60,0
57,89,0
57,31,4
57,6,0
57,20,0
57,77,0
57,79,0
57,54,1
57,66,0
57,86,0
57,76,4
57,70,1
57,12,1
57,61,3
57,55,0
57,41,0
57,65,4
57,9,4
57,19,1
57,87,3
57,50,0
57,1,0
57,7,3
57,51,0
57,11,3
57,45,1
57,91,3
57,68,4
57,78,4
57,75,1
57,32,1
57,25,1
57,59,0
57,37,3
57,44,1
57,60,0
57,18,1
57,48,0
57,38,0
57,84,0
57,3,6
57,39,0
57,63,0
57,5,2
57,64,0
57,23,0
57,42,0
57,67,2
57,26,0
57,34,1
57,30,2
57,83,0
57,72,2
57,98,0
57,82,0
57,74,1
57,46,1
57,15,0
57,95,1
57,22,0
57,47,0
57,52,0
57,99,0
57,0,2
57,17,1
57,85,1
57,27,0
57,73,0
57,96,1
57,92,0
57,90,0
57,40,0
57,49,0
57,21,0
57,57,0
57,97,0
57,81,1
57,16,1
57,71,3
57,35,1
57,53,2
57,93,0
57,58,0
57,56,1
57,36,0
57,10,0
57,28,0
57,69,2
57,33,1
57,62,0
57,4,0
57,43,0
57,2,1
57,14,0
57,13,3
57,94,2
57,8,1
57,88,3
57,80,0
57,24,1
57,29,2
58,66,1
58,98,0
58,53,1
58,80,0
58,0,2
58,49,0
58,24,1
58,38,0
58,87,2
58,37,3
58,79,2
58,29,2
58,69,2
58,84,2
58,22,0
58,58,0
58,32,0
58,2,0
58,5,2
58,99,0
58,39,0
58,41,0
58,21,0
58,19,0
58,61,3
58,44,1
58,7,3
58,54,0
58,64,0
58,47,0
58,72,1
58,36,0
58,9,4
58,75,0
58,97,0
58,35,1
58,62,0
58,56,2
58,94,2
58,92,0
58,6,0
58,83,0
58,82,0
58,60,0
58,85,0
58,30,1
58,13,3
58,17,1
58,11,2
58,70,1
58,4,0
58,12,1
58,71,3
58,57,0
58,8,1
58,55,0
58,52,0
58,93,0
58,27,0
58,50,0
58,86,0
58,40,0
58,81,1
58,78,4
58,96,1
58,46,1
58,65,4
58,26,0
58,74,1
58,91,3
58,59,0
58,23,0
58,3,6
58,76,6
58,10,3
58,33,1
58,31,3
58,77,0
58,68,6
58,34,0
58,28,1
58,14,0
58,42,1
58,25,0
58,18,1
58,67,1
58,1,0
58,48,0
58,20,0
58,89,0
58,88,3
58,95,1
58,63,0
58,15,0
58,16,1
58,90,0
58,73,0
58,45,1
58,51,0
58,43,0
59,87,2
59,69,2
59,2,0
59,82,0
59,21,0
59,27,0
59,28,1
59,5,2
59,95,1
59,7,3
59,12,1
59,84,2
59,26,0
59,65,4
59,31,4
59,29,2
59,20,0
59,58,0
59,88,3
59,60,0
59,33,1
59,46,1
59,85,0
59,89,0
59,90,1
59,64,0
59,47,0
59,80,0
59,50,0
59,51,0
59,75,0
59,61,3
59,79,2
59,91,3
59,96,1
59,98,0
59,49,0
59,14,0
59,40,0
59,10,3
59,1,0
59,42,1
59,17,1
59,52,0
59,32,1
59,97,0
59,0,1
59,34,0
59,11,2
59,35,0
59,74,1
59,43,0
59,22,0
59,3,5
59,55,0
59,4,0
59,15,0
59,37,4
59,81,0
59,83,0
59,9,3
59,45,1
59,30,1
59,8,1
59,76,6
59,54,0
59,13,3
59,38,1
59,86,0
59,23,0
59,36,1
59,62,0
59,18,2
59,94,3
59,39,0
59,59,0
59,6,0
59,57,0
59,68,5
59,70,0
59,44,1
59,73,0
59,63,1
59,92,0
59,93,0
59,24,0
59,72,1
59,19,0
59,53,1
59,41,0
59,77,0
59,56,2
59,78,4
59,71,2
59,48,0
59,67,1
59,99,0
59,25,0
59,16,1
59,66,1
60,44,0
60,38,1
60,14,1
60,27,0
60,84,2
60,25,0
60,71,2
60,0,2
60,9,3
60,26,1
60,80,0
60,21,0
60,37,4
60,18,2
60,98,0
60,99,0
60,4,0
60,68,5
60,20,1
60,24,0
60,85,0
60,35,0
60,10,2
60,96,1
60,53,2
60,51,1
60,50,0
60,86,0
60,90,0
60,58,0
60,5,1
60,39,0
60,11,2
60,23,0
60,40,0
60,33,1
60,49,0
60,83,1
60,59,0
60,63,1
60,57,0
60,93,0
60,30,0
60,91,3
60,48,0
60,22,0
60,61,3
60,87,2
60,45,1
60,70,0
60,69,2
60,7,2
60,42,1
60,82,0
60,55,0
60,88,3
60,16,1
60,28,1
60,78,4
60,2,0
60,29,2
60,41,0
60,89,0
60,46,1
60,8,1
60,94,3
60,73,0
60,17,1
60,15,1
60,62,0
60,54,0
60,74,1
60,79,2
60,77,0
60,56,2
60,81,0
60,34,0
60,31,3
60,19,0
60,95,2
60,32,0
60,1,0
60,60,0
60,97,0
60,52,0
60,12,2
60,13,3
60,65,3
60,92,0
60,75,0
60,76,6
60,66,0
60,47,0
60,36,1
60,67,1
60,3,4
60,72,1
60,64,0
60,43,0
60,6,1
61,83,1
61,43,0
61,49,0
61,5,0
61,42,1
61,79,2
61,56,1
61,38,1
61,21,1
61,92,0
61,2,0
61,67,1
61,23,0
61,17,1
61,41,0
61,95,1
61,82,1
61,61,4
61,64,0
61,46,1
61,31,3
61,3,4
61,16,1
61,32,0
61,13,3
61,0,2
61,22,0
61,35,0
61,63,1
61,69,1
61,45,1
61,74,1
61,53,1
61,81,0
61,93,0
61,37,4
61,27,0
61,47,0
61,88,2
61,77,0
61,62,0
61,12,3
61,33,1
61,11,2
61,19,0
61,68,5
61,26,2
61,90,0
61,96,1
61,54,1
61,48,1
61,6,2
61,8,1
61,76,6
61,34,1
61,52,0
61,99,0
61,59,0
61,30,0
61,50,0
61,85,0
61,29,2
61,9,3
61,94,3
61,40,0
61,71,2
61,73,1
61,4,0
61,89,0
61,1,0
61,51,1
61,60,0
61,14,0
61,20,1
61,39,0
61,84,1
61,24,0
61,78,3
61,87,2
61,15,1
61,66,0
61,55,0
61,80,0
61,65,3
61,75,0
61,97,0
61,86,0
61,70,0
61,10,2
61,25,0
61,72,0
61,58,0
61,7,2
61,91,3
61,36,1
61,98,0
61,44,0
61,57,0
61,28,1
61,18,2
62,75,1
62,78,3
62,80,0
62,70,1
62,57,1
62,26,2
62,17,1
62,37,3
62,87,2
62,66,0
62,81,0
62,72,0
62,97,0
62,4,0
62,53,1
62,19,0
62,59,0
62,32,0
62,62,0
62,31,3
62,83,1
62,46,0
62,10,2
62,28,1
62,45,1
62,42,0
62,21,1
62,7,2
62,90,0
62,25,1
62,71,1
62,50,0
62,22,0
62,20,1
62,13,3
62,94,2
62,5,0
62,43,1
62,60,0
62,84,1
62,56,0
62,35,0
62,9,3
62,86,0
62,41,0
62,88,1
62,23,2
62,64,0
62,51,2
62,8,1
62,93,0
62,69,1
62,12,3
62,52,1
62,91,3
62,58,0
62,76,7
62,30,0
62,38,1
62,33,0
62,24,0
62,73,1
62,2,0
62,61,4
62,65,2
62,36,1
62,54,2
62,98,0
62,44,0
62,0,2
62,16,1
62,92,0
62,49,0
62,27,0
62,82,1
62,95,2
62,96,1
62,67,1
62,3,4
62,39,1
62,14,0
62,47,0
62,11,1
62,68,5
62,99,0
62,1,0
62,85,0
62,74,0
62,48,0
62,63,1
62,6,1
62,89,0
62,77,0
62,18,3
62,15,1
62,29,1
62,34,1
62,40,0
62,79,2
62,55,0
63,81,0
63,57,1
63,25,0
63,43,2
63,58,0
63,90,0
63,19,0
63,42,0
63,87,2
63,8,0
63,95,2
63,28,1
63,61,4
63,1,0
63,5,1
63,24,0
63,34,1
63,56,0
63,92,0
63,16,1
63,66,0
63,96,2
63,60,0
63,21,1
63,71,0
63,32,0
63,76,7
63,31,3
63,88,1
63,70,1
63,22,0
63,0,1
63,10,2
63,7,1
63,52,1
63,68,5
63,83,2
63,73,1
63,4,1
63,69,1
63,75,1
63,44,0
63,91,3
63,17,1
63,46,0
63,59,0
63,74,0
63,27,0
63,47,0
63,29,1
63,2,0
63,85,0
63,82,0
63,78,3
63,89,0
63,77,1
63,93,1
63,72,0
63,54,1
63,51,4
63,50,0
63,30,0
63,41,0
63,13,2
63,84,0
63,67,1
63,9,4
63,33,1
63,79,2
63,62,0
63,98,2
63,12,3
63,11,1
63,18,3
63,64,0
63,97,0
63,86,0
63,40,1
63,94,1
63,80,1
63,14,0
63,35,0
63,39,1
63,20,1
63,6,1
63,45,1
63,49,0
63,26,1
63,38,0
63,23,2
63,63,0
63,3,3
63,53,1
63,99,0
63,37,3
63,36,1
63,65,1
63,48,0
63,55,0
63,15,1
64,85,1
64,77,0
64,38,0
64,48,1
64,93,1
64,39,1
64,84,0
64,25,0
64,80,1
64,57,1
64,20,1
64,34,1
64,36,1
64,11,1
64,99,0
64,35,1
64,59,0
64,22,0
64,21,1
64,76,7
64,61,3
64,5,0
64,10,2
64,89,0
64,43,2
64,83,2
64,9,3
64,29,1
64,15,1
64,42,0
64,44,0
64,82,0
64,0,1
64,94,0
64,2,0
64,91,2
64,95,2
64,17,1
64,56,1
64,69,1
64,4,1
64,18,3
64,19,0
64,79,2
64,33,1
64,8,0
64,28,1
64,92,0
64,74,0
64,75,0
64,53,1
64,58,0
64,87,2
64,26,2
64,24,0
64,1,0
64,66,0
64,23,1
64,13,1
64,97,0
64,98,2
64,45,1
64,71,0
64,55,0
64,46,0
64,70,1
64,68,5
64,47,0
64,50,0
64,32,0
64,62,0
64,86,0
64,78,3
64,27,0
64,65,2
64,41,0
64,63,0
64,67,1
64,49,0
64,72,0
64,90,0
64,3,4
64,54,1
64,30,1
64,31,3
64,73,1
64,96,2
64,37,3
64,60,0
64,88,2
64,7,1
64,6,1
64,51,4
64,40,2
64,81,0
64,14,0
64,64,0
64,16,0
64,52,1
64,12,3
65,40,2
65,41,0
65,3,3
65,72,0
65,21,1
65,78,3
65,75,0
65,67,0
65,29,1
65,46,0
65,4,1
65,25,1
65,6,1
65,61,3
65,74,0
65,10,2
65,44,0
65,5,0
65,16,0
65,22,0
65,8,0
65,53,1
65,82,0
65,13,2
65,0,1
65,35,1
65,91,2
65,70,1
65,23,1
65,2,1
65,65,2
65,33,1
65,94,0
65,83,2
65,20,1
65,73,1
65,71,0
65,84,0
65,50,0
65,90,0
65,58,0
65,80,1
65,87,2
65,55,0
65,59,0
65,88,2
65,77,0
65,19,0
65,1,0
65,39,1
65,96,1
65,43,2
65,97,0
65,79,3
65,54,1
65,24,1
65,86,0
65,95,3
65,76,7
65,49,0
65,15,1
65,99,0
65,28,1
65,12,3
65,52,0
65,81,0
65,34,0
65,27,0
65,63,0
65,89,0
65,92,0
65,69,1
65,38,0
65,14,0
65,48,0
65,31,3
65,36,1
65,30,1
65,51,3
65,37,3
65,56,2
65,98,3
65,26,2
65,18,2
65,42,0
65,32,0
65,68,5
65,60,0
65,66,1
65,9,2
65,57,1
65,64,1
65,93,1
65,7,0
65,11,2
65,85,1
65,17,1
65,62,0
65,47,0
65,45,0
66,68,5
66,66,2
66,74,1
66,4,1
66,60,0
66,16,0
66,69,1
66,23,1
66,2,1
66,88,2
66,84,0
66,7,0
66,80,0
66,59,0
66,76,7
66,70,0
66,36,1
66,37,3
66,42,0
66,58,0
66,94,0
66,5,0
66,46,0
66,15,1
66,83,2
66,43,2
66,18,2
66,27,0
66,78,2
66,54,1
66,32,0
66,91,1
66,3,2
66,21,2
66,41,0
66,26,2
66,97,0
66,49,0
66,61,3
66,20,0
66,93,1
66,71,0
66,30,0
66,99,0
66,65,1
66,75,0
66,44,0
66,28,2
66,34,1
66,72,0
66,12,3
66,33,1
66,6,1
66,25,1
66,96,1
66,40,3
66,8,0
66,67,0
66,10,2
66,22,0
66,56,3
66,86,0
66,82,0
66,9,2
66,98,3
66,47,0
66,39,0
66,90,0
66,62,0
66,53,1
66,51,4
66,29,1
66,19,0
66,11,1
66,24,2
66,79,3
66,77,0
66,85,0
66,57,1
66,92,0
66,1,0
66,31,2
66,0,1
66,14,0
66,13,2
66,52,0
66,87,2
66,50,0
66,48,0
66,63,0
66,73,1
66,45,0
66,38,1
66,95,3
66,89,1
66,35,2
66,55,0
66,64,2
66,17,0
66,81,0
67,56,3
67,22,0
67,99,0
67,67,0
67,46,0
67,57,1
67,55,0
67,40,4
67,87,1
67,71,0
67,5,0
67,91,0
67,15,1
67,41,0
67,61,3
67,34,2
67,31,2
67,95,3
67,88,2
67,8,0
67,33,1
67,14,0
67,50,0
67,53,2
67,94,0
67,83,2
67,43,2
67,17,0
67,21,2
67,48,0
67,63,0
67,92,0
67,60,0
67,77,0
67,11,1
67,38,1
67,52,0
67,28,2
67,35,2
67,1,1
67,30,0
67,6,1
67,4,1
67,12,3
67,70,0
67,7,0
67,96,1
67,54,0
67,68,5
67,65,0
67,16,0
67,45,0
67,74,1
67,76,7
67,13,2
67,62,0
67,64,2
67,73,1
67,78,1
67,49,0
67,93,1
67,9,2
67,80,0
67,72,0
67,51,4
67,3,2
67,18,2
67,2,1
67,90,1
67,97,0
67,86,0
67,82,0
67,39,0
67,89,1
67,79,3
67,23,1
67,44,0
67,81,0
67,98,3
67,59,0
67,19,1
67,10,2
67,36,1
67,27,0
67,42,0
67,24,2
67,75,0
67,20,0
67,47,0
67,26,2
67,69,0
67,37,3
67,32,0
67,0,1
67,29,1
67,25,1
67,84,0
67,66,2
67,85,0
67,58,0
68,12,3
68,52,1
68,16,0
68,99,0
68,17,0
68,96,1
68,36,1
68,19,2
68,54,0
68,92,1
68,24,2
68,1,0
68,4,1
68,93,1
68,47,2
68,57,1
68,22,0
68,27,0
68,31,2
68,37,3
68,40,4
68,5,0
68,32,0
68,10,2
68,90,2
68,48,0
68,7,0
68,83,2
68,25,2
68,68,5
68,39,0
68,77,0
68,66,1
68,28,2
68,76,7
68,29,1
68,71,0
68,50,0
68,74,1
68,23,1
68,13,2
68,11,1
68,38,0
68,2,1
68,85,0
68,86,0
68,58,0
68,15,0
68,81,1
68,82,0
68,59,0
68,67,0
68,9,1
68,3,2
68,41,0
68,18,2
68,56,4
68,94,0
68,46,0
68,61,2
68,87,1
68,73,0
68,91,1
68,6,0
68,64,1
68,88,3
68,26,1
68,42,0
68,97,0
68,30,0
68,60,0
68,8,0
68,20,0
68,98,3
68,44,0
68,72,0
68,75,0
68,62,0
68,80,0
68,63,0
68,21,1
68,35,2
68,84,0
68,55,0
68,70,0
68,45,0
68,78,2
68,65,0
68,79,3
68,34,2
68,0,1
68,95,3
68,43,2
68,14,0
68,53,1
68,33,1
68,89,2
68,49,0
68,51,3
68,69,0
69,58,0
69,77,0
69,23,2
69,95,3
69,47,2
69,97,0
69,15,0
69,9,1
69,90,1
69,0,1
69,79,3
69,46,0
69,71,0
69,51,2
69,43,1
69,12,3
69,34,2
69,73,0
69,63,0
69,32,0
69,42,0
69,3,2
69,72,0
69,64,0
69,88,3
69,4,1
69,25,2
69,26,0
69,78,2
69,10,3
69,37,3
69,35,2
69,22,0
69,16,0
69,83,2
69,49,0
69,94,0
69,85,0
69,36,1
69,81,2
69,2,1
69,39,0
69,33,1
69,67,0
69,65,0
69,28,2
69,52,1
69,14,0
69,84,0
69,86,0
69,5,0
69,99,1
69,20,0
69,98,3
69,13,3
69,38,0
69,27,0
69,76,7
69,70,1
69,41,0
69,59,0
69,54,0
69,55,0
69,69,0
69,29,1
69,11,0
69,56,4
69,80,0
69,96,1
69,75,0
69,66,1
69,31,2
69,53,1
69,30,0
69,48,0
69,7,0
69,91,1
69,89,2
69,44,0
69,18,2
69,61,3
69,24,2
69,62,0
69,82,0
69,1,0
69,57,0
69,6,0
69,92,1
69,21,1
69,74,1
69,45,0
69,40,4
69,8,0
69,17,0
69,50,0
69,60,0
69,19,3
69,93,1
69,87,1
69,68,4
70,70,2
70,71,0
70,5,0
70,94,0
70,32,0
70,12,3
70,61,3
70,59,1
70,48,0
70,64,0
70,69,1
70,4,1
70,11,0
70,73,0
70,44,0
70,84,0
70,77,0
70,28,1
70,87,1
70,17,0
70,34,2
70,30,0
70,76,7
70,47,1
70,92,1
70,37,3
70,46,0
70,42,0
70,40,4
70,91,1
70,45,1
70,83,2
70,58,0
70,90,1
70,53,1
70,1,0
70,2,1
70,81,2
70,97,0
70,43,3
70,22,0
70,68,3
70,55,0
70,41,0
70,36,0
70,80,0
70,49,0
70,75,0
70,96,1
70,57,0
70,27,0
70,3,3
70,54,0
70,52,0
70,89,2
70,13,3
70,79,2
70,74,1
70,16,0
70,85,0
70,50,0
70,66,1
70,25,3
70,33,1
70,99,1
70,29,0
70,62,0
70,23,2
70,8,0
70,95,3
70,20,1
70,67,0
70,21,0
70,86,0
70,35,2
70,7,1
70,65,0
70,98,4
70,14,1
70,0,1
70,15,0
70,51,1
70,19,2
70,60,0
70,9,1
70,6,0
70,39,0
70,26,0
70,10,2
70,56,3
70,18,1
70,78,2
70,93,0
70,38,1
70,24,3
70,72,1
70,88,2
70,31,2
70,82,0
70,63,0
71,83,2
71,2,1
71,22,0
71,53,1
71,42,0
71,48,0
71,43,3
71,66,2
71,72,1
71,23,2
71,45,1
71,82,0
71,35,3
71,50,0
71,97,0
71,54,0
71,90,1
71,11,0
71,59,1
71,74,0
71,96,0
71,91,0
71,1,0
71,4,0
71,21,0
71,98,4
71,46,1
71,9,0
71,55,0
71,33,1
71,0,1
71,17,0
71,51,1
71,99,1
71,79,1
71,12,3
71,68,3
71,34,1
71,52,0
71,61,3
71,32,1
71,81,2
71,62,0
71,75,0
71,19,1
71,24,3
71,18,2
71,40,4
71,57,1
71,60,0
71,13,2
71,77,0
71,14,1
71,41,1
71,80,0
71,94,0
71,56,3
71,95,3
71,70,3
71,88,2
71,64,0
71,69,1
71,71,0
71,29,0
71,44,1
71,78,3
71,39,0
71,5,0
71,76,7
71,28,1
71,26,0
71,47,1
71,8,0
71,86,0
71,93,0
71,15,0
71,6,0
71,7,2
71,30,0
71,65,0
71,89,1
71,58,0
71,27,1
71,10,2
71,63,0
71,20,1
71,25,4
71,38,1
71,37,3
71,16,0
71,31,1
71,73,0
71,85,0
71,84,0
71,87,0
71,92,1
71,3,2
71,36,0
71,67,0
71,49,0
72,86,0
72,31,2
72,7,3
72,54,0
72,33,0
72,47,1
72,56,2
72,37,3
72,6,0
72,25,4
72,69,0
72,88,3
72,2,2
72,36,0
72,72,0
72,63,0
72,51,1
72,68,3
72,66,1
72,48,0
72,99,0
72,21,0
72,64,0
72,95,3
72,77,0
72,94,0
72,10,2
72,26,0
72,0,2
72,57,2
72,76,7
72,9,0
72,3,2
72,14,1
72,75,0
72,97,0
72,28,1
72,16,0
72,74,0
72,23,2
72,79,1
72,30,0
72,15,0
72,89,1
72,71,0
72,61,3
72,20,1
72,87,0
72,53,1
72,62,0
72,29,0
72,42,0
72,85,0
72,59,1
72,60,0
72,1,0
72,18,2
72,80,0
72,50,0
72,96,1
72,73,0
72,12,3
72,92,1
72,70,2
72,49,0
72,17,0
72,98,4
72,19,1
72,65,0
72,82,0
72,93,1
72,55,0
72,40,4
72,52,0
72,84,0
72,13,2
72,5,0
72,11,0
72,90,1
72,46,0
72,91,0
72,35,2
72,45,1
72,83,2
72,44,1
72,78,3
72,81,1
72,67,0
72,43,6
72,22,0
72,41,0
72,58,0
72,24,3
72,38,1
72,27,1
72,8,0
72,32,1
72,4,0
72,34,1
72,39,0
73,30,0
73,7,3
73,87,0
73,8,0
73,95,2
73,86,0
73,37,3
73,76,7
73,49,0
73,90,1
73,25,4
73,23,2
73,82,0
73,69,0
73,74,0
73,21,0
73,65,0
73,88,3
73,26,0
73,77,0
73,56,2
73,42,0
73,79,2
73,43,6
73,6,0
73,93,1
73,24,2
73,63,1
73,0,2
73,97,0
73,44,1
73,99,0
73,70,1
73,67,0
73,46,1
73,27,1
73,10,2
73,41,0
73,19,1
73,32,2
73,73,0
73,12,3
73,13,2
73,66,1
73,35,2
73,80,0
73,51,0
73,14,2
73,72,0
73,64,0
73,94,1
73,68,2
73,48,0
73,1,0
73,57,2
73,15,0
73,85,0
73,39,0
73,40,4
73,58,2
73,34,0
73,17,0
73,89,1
73,60,0
73,59,1
73,52,0
73,36,0
73,47,1
73,31,2
73,83,2
73,92,0
73,9,0
73,53,0
73,54,0
73,45,1
73,33,0
73,20,1
73,18,2
73,84,0
73,28,1
73,55,1
73,61,3
73,5,0
73,62,0
73,11,0
73,4,0
73,91,0
73,75,0
73,22,0
73,98,5
73,29,0
73,78,2
73,71,0
73,50,0
73,3,2
73,16,0
73,38,1
73,81,0
73,2,2
73,96,1
74,10,2
74,85,1
74,26,0
74,18,1
74,81,0
74,46,0
74,75,0
74,88,4
74,8,0
74,69,0
74,91,0
74,82,0
74,13,2
74,98,5
74,37,2
74,54,0
74,67,0
74,28,1
74,6,0
74,95,1
74,68,2
74,14,2
74,62,0
74,19,1
74,29,0
74,71,0
74,70,1
74,66,1
74,87,0
74,56,4
74,36,0
74,30,1
74,43,6
74,22,0
74,61,3
74,15,0
74,21,0
74,0,2
74,49,0
74,5,0
74,44,1
74,99,0
74,11,1
74,40,4
74,34,0
74,52,1
74,3,1
74,31,2
74,51,0
74,47,1
74,7,3
74,63,0
74,65,0
74,33,0
74,97,0
74,45,1
74,73,0
74,96,1
74,23,2
74,74,0
74,64,0
74,55,0
74,79,1
74,78,2
74,17,0
74,58,2
74,25,4
74,27,1
74,77,0
74,1,0
74,76,6
74,35,2
74,39,0
74,2,2
74,80,0
74,92,0
74,90,1
74,93,1
74,83,2
74,38,1
74,48,0
74,89,2
74,50,0
74,53,0
74,72,0
74,59,1
74,86,1
74,12,3
74,57,3
74,84,0
74,94,0
74,41,0
74,16,0
74,42,1
74,20,0
74,24,2
74,4,0
74,9,0
74,60,0
74,32,2
75,71,1
75,16,0
75,55,0
75,96,0
75,48,0
75,49,0
75,78,1
75,82,0
75,58,1
75,44,1
75,6,0
75,61,3
75,94,0
75,81,0
75,11,1
75,18,2
75,46,0
75,41,0
75,26,0
75,27,1
75,67,0
75,77,0
75,64,0
75,28,1
75,8,0
75,66,1
75,54,1
75,57,3
75,25,3
75,33,0
75,34,0
75,40,4
75,45,1
75,95,1
75,92,0
75,89,1
75,63,0
75,5,0
75,15,0
75,84,0
75,38,1
75,43,6
75,7,2
75,70,1
75,4,0
75,99,0
75,12,3
75,56,4
75,91,1
75,32,2
75,52,2
75,10,2
75,65,0
75,13,2
75,79,1
75,90,2
75,83,2
75,19,1
75,51,1
75,20,0
75,60,1
75,36,0
75,80,0
75,39,0
75,88,3
75,9,1
75,59,1
75,2,1
75,31,2
75,30,1
75,22,0
75,76,6
75,50,0
75,53,0
75,1,0
75,37,2
75,68,1
75,14,2
75,75,0
75,35,2
75,85,0
75,93,1
75,69,1
75,23,2
75,86,1
75,62,1
75,24,2
75,21,0
75,3,1
75,42,1
75,98,5
75,72,0
75,74,0
75,87,0
75,97,0
75,47,1
75,73,0
75,29,0
75,0,1
75,17,0
76,97,0
76,43,6
76,9,0
76,10,2
76,28,1
76,17,0
76,52,3
76,86,1
76,89,1
76,94,0
76,21,0
76,45,1
76,29,0
76,4,0
76,60,1
76,2,1
76,88,3
76,36,0
76,33,0
76,73,1
76,67,2
76,22,0
76,38,0
76,19,0
76,35,2
76,79,0
76,7,2
76,42,1
76,62,0
76,74,0
76,63,0
76,57,2
76,18,2
76,75,0
76,92,0
76,27,1
76,13,2
76,25,3
76,96,0
76,77,0
76,56,4
76,30,1
76,44,1
76,11,1
76,34,0
76,32,2
76,85,1
76,66,0
76,0,0
76,53,0
76,37,2
76,87,1
76,59,2
76,15,0
76,80,0
76,39,0
76,55,0
76,8,0
76,23,2
76,81,0
76,95,0
76,40,4
76,72,0
76,71,1
76,68,1
76,48,0
76,70,2
76,83,1
76,54,1
76,98,5
76,69,1
76,6,0
76,65,0
76,78,1
76,58,1
76,46,0
76,26,0
76,90,2
76,93,1
76,41,0
76,99,0
76,84,0
76,82,1
76,5,0
76,47,0
76,31,2
76,12,4
76,24,2
76,16,0
76,50,0
76,1,1
76,64,1
76,76,6
76,20,0
76,3,1
76,14,2
76,51,1
76,91,0
76,61,3
76,49,0
77,91,0
77,53,0
77,88,3
77,25,2
77,98,5
77,37,2
77,15,0
77,29,0
77,26,0
77,50,0
77,6,0
77,86,0
77,42,1
77,14,2
77,36,0
77,28,1
77,4,0
77,61,2
77,68,1
77,71,1
77,72,1
77,81,0
77,41,0
77,24,2
77,30,1
77,49,0
77,54,0
77,67,2
77,0,0
77,84,0
77,60,1
77,94,0
77,74,0
77,23,1
77,45,1
77,2,1
77,32,2
77,5,0
77,46,0
77,22,0
77,40,4
77,18,1
77,77,0
77,9,0
77,38,0
77,65,0
77,16,0
77,73,2
77,43,5
77,39,0
77,57,4
77,70,2
77,69,1
77,95,0
77,1,2
77,97,0
77,93,1
77,75,0
77,17,0
77,76,6
77,55,0
77,83,2
77,35,1
77,58,1
77,59,2
77,31,2
77,92,0
77,3,0
77,85,1
77,56,5
77,12,4
77,19,0
77,11,1
77,96,0
77,62,0
77,64,0
77,82,1
77,34,0
77,7,2
77,33,0
77,89,1
77,48,1
77,99,0
77,21,0
77,79,0
77,10,3
77,87,1
77,52,2
77,47,0
77,90,2
77,80,0
77,63,1
77,66,0
77,27,1
77,13,2
77,78,2
77,51,2
77,44,0
77,20,0
77,8,0
78,0,0
78,61,2
78,37,2
78,27,1
78,85,1
78,38,0
78,18,1
78,71,0
78,73,1
78,93,1
78,60,1
78,50,0
78,20,0
78,98,5
78,87,1
78,1,2
78,75,2
78,90,1
78,55,0
78,63,1
78,44,1
78,41,0
78,67,2
78,47,0
78,3,0
78,89,0
78,51,2
78,48,0
78,14,2
78,8,0
78,42,0
78,64,0
78,59,3
78,26,0
78,54,0
78,6,0
78,22,1
78,46,0
78,58,2
78,97,0
78,65,0
78,11,1
78,79,0
78,33,0
78,49,0
78,57,3
78,94,0
78,25,1
78,86,2
78,82,1
78,99,0
78,62,0
78,68,1
78,30,1
78,15,0
78,66,0
78,2,1
78,9,0
78,31,2
78,53,0
78,4,1
78,13,1
78,84,0
78,92,2
78,78,2
78,12,3
78,96,0
78,35,1
78,10,3
78,81,0
78,28,1
78,43,5
78,45,1
78,76,6
78,74,1
78,52,2
78,77,0
78,34,1
78,83,1
78,29,1
78,32,2
78,91,0
78,17,0
78,23,1
78,24,1
78,95,0
78,21,0
78,36,0
78,80,0
78,56,5
78,16,0
78,88,3
78,7,1
78,39,0
78,70,2
78,40,3
78,69,1
78,72,1
78,19,0
78,5,0
79,97,0
79,34,1
79,12,3
79,48,0
79,13,2
79,38,0
79,83,1
79,20,0
79,28,1
79,29,0
79,98,5
79,65,0
79,57,3
79,53,0
79,26,0
79,67,3
79,11,1
79,43,5
79,30,1
79,88,2
79,70,1
79,15,0
79,51,2
79,87,1
79,68,1
79,66,0
79,60,1
79,78,2
79,35,0
79,41,0
79,99,1
79,17,1
79,94,0
79,64,0
79,0,1
79,95,0
79,1,3
79,44,1
79,79,0
79,23,0
79,39,0
79,46,0
79,82,0
79,21,1
79,93,0
79,72,1
79,71,0
79,58,3
79,76,6
79,8,0
79,77,0
79,56,6
79,80,0
79,37,2
79,90,1
79,75,3
79,63,1
79,81,1
79,50,0
79,18,1
79,19,0
79,4,1
79,91,0
79,89,1
79,24,1
79,92,1
79,73,0
79,96,0
79,2,0
79,52,2
79,10,3
79,9,0
79,3,0
79,31,2
79,61,2
79,62,0
79,55,1
79,25,0
79,86,3
79,14,2
79,84,0
79,32,1
79,40,3
79,74,1
79,42,0
79,45,0
79,27,0
79,16,1
79,69,0
79,22,1
79,49,0
79,7,1
79,33,0
79,47,0
79,85,1
79,54,0
79,6,0
79,36,0
79,5,0
79,59,3
80,54,0
80,86,2
80,33,0
80,53,0
80,52,2
80,60,1
80,68,1
80,84,0
80,37,2
80,85,1
80,58,3
80,18,0
80,3,1
80,99,1
80,5,0
80,93,1
80,83,1
80,55,1
80,97,0
80,28,1
80,49,0
80,96,0
80,65,1
80,50,0
80,4,0
80,25,1
80,81,1
80,43,5
80,70,1
80,45,0
80,0,1
80,10,2
80,16,0
80,26,0
80,46,1
80,2,0
80,7,1
80,80,0
80,51,3
80,34,1
80,98,4
80,48,1
80,79,1
80,77,1
80,42,0
80,56,5
80,74,1
80,76,5
80,78,2
80,40,3
80,9,1
80,75,3
80,64,0
80,22,1
80,29,1
80,66,0
80,59,4
80,19,0
80,95,0
80,14,2
80,21,1
80,24,0
80,69,0
80,92,1
80,89,0
80,39,0
80,35,0
80,72,1
80,41,1
80,71,0
80,57,3
80,17,0
80,47,0
80,67,3
80,31,2
80,87,0
80,88,2
80,30,1
80,63,0
80,91,0
80,6,0
80,11,1
80,1,3
80,13,1
80,73,1
80,27,0
80,8,0
80,12,3
80,82,0
80,61,2
80,23,0
80,94,0
80,20,0
80,90,1
80,62,0
80,32,1
80,44,1
80,36,0
80,15,0
80,38,0
81,95,0
81,63,1
81,84,0
81,80,0
81,31,1
81,81,1
81,87,0
81,8,0
81,76,4
81,15,0
81,36,0
81,68,1
81,69,0
81,28,1
81,47,0
81,59,5
81,5,0
81,25,1
81,23,0
81,42,0
81,26,0
81,41,4
81,60,0
81,44,0
81,6,0
81,58,3
81,13,1
81,55,1
81,48,1
81,65,1
81,93,3
81,54,0
81,10,2
81,38,0
81,37,2
81,50,0
81,21,0
81,85,1
81,45,0
81,27,0
81,75,3
81,90,0
81,17,0
81,20,0
81,74,1
81,57,3
81,33,0
81,88,2
81,51,4
81,2,0
81,9,2
81,11,0
81,34,1
81,67,3
81,53,0
81,14,1
81,70,0
81,32,0
81,72,1
81,0,1
81,46,1
81,39,0
81,4,0
81,24,0
81,89,0
81,56,5
81,86,2
81,98,5
81,94,0
81,91,0
81,99,2
81,79,2
81,40,3
81,77,2
81,71,0
81,22,1
81,19,0
81,3,1
81,18,0
81,73,1
81,61,2
81,16,0
81,1,2
81,96,0
81,83,0
81,92,0
81,7,1
81,78,2
81,30,1
81,64,0
81,97,1
81,35,0
81,12,2
81,43,5
81,49,0
81,52,2
81,29,1
81,82,0
81,62,0
81,66,0
82,41,4
82,39,0
82,46,1
82,0,1
82,31,1
82,77,1
82,60,0
82,70,0
82,10,2
82,29,1
82,96,0
82,16,0
82,8,0
82,5,0
82,1,2
82,40,3
82,74,1
82,38,0
82,3,1
82,78,2
82,36,1
82,65,1
82,47,0
82,68,0
82,72,1
82,67,3
82,44,0
82,27,0
82,69,0
82,51,4
82,90,0
82,37,2
82,52,2
82,62,0
82,15,1
82,89,0
82,22,1
82,81,1
82,93,3
82,28,1
82,4,0
82,55,1
82,86,1
82,12,2
82,91,0
82,23,0
82,53,0
82,87,0
82,83,0
82,14,1
82,85,1
82,84,0
82,75,5
82,80,0
82,13,1
82,11,0
82,17,1
82,98,5
82,54,0
82,76,5
82,63,0
82,25,1
82,18,0
82,49,0
82,71,0
82,9,1
82,95,0
82,6,0
82,21,0
82,19,0
82,94,0
82,92,0
82,57,3
82,99,2
82,82,0
82,24,0
82,88,2
82,35,0
82,48,0
82,30,1
82,56,4
82,2,0
82,26,0
82,34,1
82,33,0
82,61,2
82,58,3
82,73,1
82,42,0
82,50,0
82,20,1
82,97,1
82,64,0
82,45,0
82,79,3
82,59,4
82,7,2
82,32,0
82,43,4
82,66,0
83,28,1
83,60,0
83,91,1
83,65,2
83,89,0
83,32,0
83,66,0
83,12,2
83,78,2
83,1,2
83,8,0
83,59,4
83,62,0
83,10,2
83,51,4
83,99,2
83,69,0
83,85,1
83,5,0
83,17,2
83,88,2
83,39,0
83,70,0
83,37,2
83,0,1
83,81,1
83,11,0
83,73,1
83,98,5
83,31,0
83,29,1
83,20,1
83,47,0
83,64,0
83,52,1
83,68,0
83,54,0
83,26,0
83,42,0
83,72,2
83,16,0
83,35,0
83,55,1
83,45,0
83,22,1
83,84,0
83,50,0
83,67,3
83,74,0
83,80,0
83,92,0
83,25,1
83,9,0
83,4,0
83,87,0
83,49,1
83,15,1
83,3,0
83,83,0
83,34,2
83,96,0
83,18,1
83,30,1
83,2,0
83,93,3
83,43,3
83,95,0
83,41,5
83,75,5
83,7,2
83,79,2
83,19,0
83,86,1
83,40,3
83,44,0
83,33,0
83,13,0
83,76,5
83,94,0
83,48,0
83,53,0
83,57,3
83,27,0
83,21,1
83,46,1
83,61,2
83,56,3
83,14,1
83,97,0
83,6,0
83,90,0
83,38,0
83,36,1
83,82,1
83,24,0
83,63,0
83,23,1
83,77,1
83,58,2
83,71,0
84,95,0
84,25,1
84,82,1
84,26,0
84,64,0
84,61,2
84,46,1
84,38,0
84,22,1
84,77,1
84,39,0
84,15,1
84,34,2
84,80,1
84,36,1
84,93,2
84,85,1
84,44,0
84,91,1
84,12,2
84,90,0
84,42,1
84,65,1
84,99,1
84,71,0
84,24,0
84,88,1
84,35,0
84,27,0
84,92,0
84,96,0
84,0,1
84,14,0
84,9,0
84,94,0
84,83,0
84,79,2
84,49,0
84,58,2
84,5,1
84,72,2
84,41,5
84,23,0
84,40,3
84,73,1
84,97,0
84,29,1
84,78,2
84,4,0
84,21,2
84,20,0
84,33,0
84,98,5
84,62,0
84,56,3
84,84,1
84,48,0
84,57,3
84,59,3
84,7,3
84,47,0
84,18,1
84,19,0
84,1,2
84,32,0
84,54,0
84,3,1
84,2,1
84,13,0
84,89,0
84,74,0
84,81,0
84,31,1
84,37,1
84,69,0
84,75,5
84,50,0
84,45,0
84,63,0
84,53,0
84,86,1
84,10,1
84,76,4
84,8,0
84,11,1
84,70,0
84,68,0
84,55,2
84,66,0
84,43,3
84,87,0
84,28,1
84,52,2
84,51,4
84,60,0
84,16,0
84,17,3
84,30,0
84,67,4
84,6,0
85,46,0
85,20,0
85,74,0
85,37,0
85,68,0
85,38,1
85,95,0
85,73,2
85,42,1
85,31,0
85,69,0
85,94,0
85,43,3
85,70,1
85,6,0
85,17,4
85,22,0
85,91,1
85,66,1
85,93,2
85,75,5
85,51,4
85,62,0
85,13,0
85,85,2
85,99,0
85,36,1
85,9,0
85,65,0
85,28,1
85,79,1
85,33,0
85,72,2
85,89,1
85,55,2
85,25,0
85,86,1
85,92,0
85,90,0
85,48,0
85,3,2
85,40,3
85,21,1
85,76,4
85,77,1
85,60,0
85,83,0
85,26,0
85,35,0
85,12,2
85,27,0
85,2,1
85,0,2
85,30,0
85,97,0
85,80,1
85,45,1
85,54,0
85,59,3
85,32,1
85,14,0
85,5,0
85,71,0
85,23,0
85,88,0
85,39,0
85,52,2
85,58,1
85,18,1
85,87,0
85,4,0
85,34,2
85,81,0
85,61,2
85,84,0
85,78,2
85,8,0
85,57,3
85,82,1
85,49,0
85,64,1
85,19,0
85,11,1
85,15,1
85,63,1
85,56,3
85,44,0
85,7,3
85,24,0
85,96,0
85,47,1
85,98,5
85,10,1
85,50,0
85,53,0
85,67,4
85,41,4
85,16,0
85,29,1
85,1,2
86,62,0
86,25,0
86,30,0
86,85,2
86,10,1
86,52,2
86,95,0
86,39,0
86,18,3
86,29,1
86,87,1
86,68,0
86,37,0
86,94,0
86,78,2
86,32,1
86,61,2
86,93,2
86,73,2
86,71,0
86,80,0
86,27,0
86,43,3
86,64,0
86,22,0
86,24,0
86,33,0
86,40,3
86,1,2
86,9,1
86,70,1
86,3,1
86,8,0
86,59,3
86,50,0
86,38,1
86,81,0
86,60,0
86,74,0
86,99,0
86,36,1
86,83,0
86,41,4
86,86,1
86,28,1
86,56,3
86,58,1
86,51,4
86,0,2
86,88,0
86,55,2
86,31,0
86,5,1
86,89,1
86,97,0
86,79,0
86,11,1
86,90,0
86,65,1
86,57,3
86,4,0
86,34,2
86,67,3
86,84,0
86,17,3
86,26,0
86,77,1
86,45,1
86,49,0
86,82,1
86,46,0
86,23,0
86,96,0
86,16,0
86,15,0
86,91,1
86,47,0
86,92,0
86,19,0
86,14,0
86,98,4
86,76,4
86,6,0
86,35,0
86,2,1
86,54,0
86,12,2
86,7,3
86,20,0
86,72,2
86,21,2
86,53,0
86,48,0
86,13,0
86,42,2
86,69,0
86,66,1
86,75,5
86,63,1
86,44,1
87,94,0
87,86,1
87,2,1
87,38,1
87,1,2
87,23,0
87,7,3
87,22,0
87,77,2
87,64,0
87,95,0
87,29,1
87,66,1
87,73,3
87,90,0
87,37,1
87,58,1
87,28,1
87,30,0
87,52,2
87,21,3
87,93,2
87,46,0
87,18,3
87,6,0
87,5,1
87,26,1
87,4,0
87,15,0
87,67,3
87,39,0
87,88,0
87,44,1
87,61,2
87,41,4
87,91,1
87,55,2
87,13,0
87,68,0
87,10,0
87,19,0
87,87,1
87,85,2
87,34,2
87,9,2
87,32,1
87,71,0
87,31,0
87,62,0
87,12,2
87,57,2
87,92,0
87,54,0
87,17,2
87,59,3
87,8,0
87,96,0
87,56,3
87,47,0
87,98,3
87,50,0
87,65,1
87,69,0
87,97,0
87,42,1
87,63,0
87,89,1
87,27,1
87,24,0
87,14,0
87,35,0
87,49,0
87,43,4
87,72,3
87,60,0
87,99,0
87,3,0
87,51,4
87,75,4
87,74,0
87,78,2
87,79,0
87,25,0
87,20,0
87,36,1
87,0,3
87,11,1
87,48,0
87,76,4
87,82,1
87,70,0
87,16,0
87,40,2
87,33,0
87,53,0
87,81,0
87,80,0
87,84,0
87,45,1
87,83,0
88,68,0
88,18,2
88,97,0
88,66,2
88,29,1
88,93,2
88,30,0
88,27,1
88,37,1
88,34,1
88,70,0
88,36,1
88,21,2
88,94,0
88,60,0
88,61,2
88,41,4
88,35,0
88,74,0
88,44,0
88,71,0
88,51,4
88,86,1
88,98,3
88,3,0
88,54,1
88,6,0
88,25,0
88,75,3
88,89,1
88,77,2
88,57,2
88,13,0
88,19,0
88,80,0
88,8,0
88,82,1
88,65,0
88,42,1
88,62,0
88,90,0
88,7,3
88,81,0
88,78,2
88,40,2
88,20,1
88,33,0
88,53,0
88,28,1
88,46,1
88,56,3
88,1,2
88,32,1
88,91,1
88,31,0
88,49,0
88,99,0
88,15,0
88,58,0
88,64,1
88,96,0
88,67,3
88,16,0
88,11,1
88,9,1
88,84,0
88,26,1
88,87,1
88,63,0
88,24,0
88,5,1
88,76,3
88,72,3
88,73,3
88,17,2
88,79,1
88,88,0
88,85,2
88,23,0
88,48,0
88,50,1
88,47,0
88,14,0
88,69,0
88,59,4
88,39,2
88,92,0
88,2,0
88,55,2
88,22,0
88,4,0
88,10,1
88,38,1
88,95,0
88,43,3
88,83,0
88,45,1
88,0,3
88,12,3
88,52,1
89,27,1
89,36,1
89,72,3
89,74,0
89,1,1
89,33,0
89,32,1
89,5,0
89,11,1
89,68,0
89,54,1
89,45,1
89,66,2
89,53,0
89,15,1
89,84,0
89,39,3
89,91,1
89,79,1
89,19,0
89,71,0
89,52,2
89,98,3
89,34,1
89,76,3
89,37,1
89,30,0
89,62,0
89,78,2
89,17,1
89,7,2
89,57,3
89,60,0
89,90,0
89,14,1
89,64,1
89,58,0
89,31,0
89,80,1
89,75,2
89,63,0
89,20,1
89,23,1
89,87,1
89,41,3
89,12,2
89,89,1
89,29,1
89,22,0
89,86,1
89,47,0
89,96,0
89,42,1
89,4,0
89,35,0
89,95,1
89,46,1
89,99,0
89,44,0
89,73,2
89,0,3
89,61,2
89,24,0
89,70,1
89,65,0
89,55,2
89,49,0
89,2,0
89,28,1
89,50,1
89,92,0
89,9,1
89,77,1
89,56,3
89,93,2
89,83,0
89,40,2
89,69,0
89,85,2
89,67,2
89,94,0
89,21,2
89,6,0
89,48,0
89,13,1
89,51,4
89,59,4
89,26,0
89,82,2
89,10,1
89,3,0
89,88,0
89,25,0
89,81,0
89,38,0
89,43,4
89,8,0
89,16,1
89,97,0
89,18,1
90,16,0
90,10,1
90,56,4
90,59,3
90,11,1
90,68,0
90,72,3
90,47,1
90,8,0
90,36,1
90,44,0
90,30,0
90,22,0
90,64,1
90,31,0
90,79,1
90,40,1
90,94,0
90,43,4
90,13,1
90,12,2
90,21,1
90,34,1
90,75,2
90,52,2
90,0,4
90,51,4
90,57,3
90,54,2
90,3,1
90,71,1
90,28,1
90,48,1
90,32,0
90,61,3
90,93,2
90,49,0
90,65,0
90,81,0
90,27,1
90,14,1
90,53,0
90,24,0
90,82,2
90,83,0
90,17,1
90,87,1
90,38,1
90,89,0
90,77,2
90,18,2
90,15,1
90,86,1
90,74,0
90,85,2
90,26,0
90,91,1
90,7,2
90,62,0
90,96,0
90,19,1
90,41,2
90,92,1
90,45,0
90,20,1
90,1,0
90,95,0
90,50,1
90,4,1
90,78,1
90,46,0
90,6,0
90,70,2
90,35,1
90,23,2
90,90,0
90,29,0
90,39,3
90,84,1
90,99,0
90,76,3
90,42,0
90,25,0
90,5,0
90,55,2
90,66,1
90,88,0
90,58,0
90,67,2
90,80,0
90,9,1
90,73,1
90,33,0
90,37,1
90,2,0
90,63,0
90,69,0
90,60,0
90,98,2
90,97,0
91,55,3
91,10,1
91,81,0
91,71,1
91,93,2
91,5,0
91,47,1
91,62,0
91,96,1
91,44,1
91,56,4
91,58,0
91,27,1
91,98,2
91,76,3
91,35,1
91,48,0
91,80,0
91,61,3
91,9,1
91,72,3
91,70,2
91,28,1
91,89,0
91,73,1
91,26,0
91,45,0
91,40,1
91,7,2
91,84,1
91,23,2
91,90,0
91,53,0
91,17,2
91,34,1
91,1,0
91,94,0
91,13,0
91,74,0
91,32,0
91,50,1
91,92,1
91,8,0
91,82,2
91,11,1
91,97,0
91,18,1
91,36,1
91,65,0
91,57,3
91,39,3
91,91,1
91,0,4
91,14,2
91,75,2
91,49,0
91,46,0
91,51,4
91,22,0
91,95,0
91,43,4
91,20,1
91,83,0
91,30,0
91,86,1
91,66,1
91,15,0
91,77,2
91,63,1
91,78,1
91,85,2
91,38,0
91,25,0
91,21,1
91,88,0
91,67,2
91,24,0
91,16,0
91,42,0
91,2,0
91,64,0
91,59,2
91,3,1
91,19,1
91,68,0
91,4,1
91,54,3
91,31,0
91,79,1
91,87,1
91,37,1
91,6,0
91,60,0
91,69,0
91,99,0
91,41,2
91,52,2
91,12,2
91,29,0
91,33,0
92,99,0
92,73,1
92,24,0
92,26,0
92,37,1
92,43,3
92,86,1
92,23,1
92,35,1
92,3,1
92,53,0
92,15,0
92,45,0
92,85,1
92,62,0
92,6,1
92,65,0
92,7,1
92,87,0
92,5,0
92,56,4
92,97,0
92,34,0
92,46,0
92,77,1
92,94,0
92,38,0
92,21,1
92,60,0
92,74,0
92,57,3
92,28,1
92,79,2
92,81,0
92,54,2
92,98,2
92,4,1
92,14,2
92,30,2
92,40,1
92,8,0
92,52,2
92,36,1
92,39,3
92,47,1
92,95,0
92,25,0
92,50,1
92,80,0
92,41,2
92,1,0
92,42,0
92,93,2
92,13,0
92,70,2
92,59,3
92,18,1
92,22,1
92,11,0
92,44,2
92,76,2
92,12,4
92,89,1
92,72,3
92,55,3
92,63,1
92,75,1
92,64,1
92,91,1
92,68,0
92,10,1
92,16,0
92,67,2
92,48,0
92,71,1
92,49,0
92,20,1
92,29,0
92,69,0
92,9,1
92,33,0
92,2,1
92,51,3
92,58,0
92,90,0
92,83,0
92,0,3
92,17,2
92,96,1
92,82,2
92,92,1
92,66,1
92,61,3
92,27,1
92,88,1
92,19,1
92,32,0
92,31,0
92,78,1
92,84,1
93,16,0
93,90,0
93,28,1
93,96,3
93,49,0
93,99,0
93,12,4
93,29,0
93,67,2
93,15,0
93,10,2
93,64,2
93,0,3
93,87,0
93,30,1
93,51,3
93,70,2
93,46,0
93,86,1
93,6,1
93,23,1
93,44,2
93,73,0
93,55,3
93,88,2
93,33,0
93,37,1
93,9,1
93,45,0
93,75,0
93,95,0
93,59,3
93,53,0
93,25,0
93,27,1
93,84,0
93,68,0
93,20,1
93,74,0
93,52,2
93,41,2
93,50,1
93,47,1
93,65,0
93,60,0
93,94,0
93,19,1
93,31,0
93,5,0
93,14,2
93,78,1
93,42,0
93,72,3
93,93,2
93,97,0
93,85,1
93,17,1
93,61,2
93,38,0
93,35,1
93,13,0
93,32,0
93,92,0
93,83,0
93,7,0
93,54,2
93,81,0
93,63,1
93,79,2
93,66,1
93,76,3
93,21,2
93,24,0
93,82,2
93,69,1
93,71,1
93,40,1
93,56,5
93,26,0
93,58,0
93,89,0
93,57,3
93,2,0
93,34,0
93,80,0
93,11,0
93,18,2
93,22,0
93,1,0
93,4,1
93,62,0
93,36,2
93,98,3
93,43,5
93,48,0
93,91,1
93,39,2
93,77,0
93,3,0
93,8,0
94,11,0
94,51,3
94,60,0
94,47,1
94,72,3
94,96,3
94,40,1
94,85,2
94,26,1
94,94,0
94,90,0
94,22,1
94,28,1
94,59,3
94,82,2
94,39,2
94,2,0
94,62,0
94,70,2
94,8,0
94,64,1
94,42,0
94,61,1
94,69,1
94,7,0
94,33,0
94,20,1
94,37,1
94,57,2
94,45,0
94,31,0
94,48,0
94,41,1
94,55,2
94,50,1
94,14,2
94,43,5
94,67,2
94,74,1
94,81,0
94,65,0
94,44,1
94,27,1
94,54,2
94,3,0
94,18,1
94,53,0
94,24,0
94,88,3
94,99,0
94,21,3
94,23,0
94,76,4
94,84,0
94,97,0
94,1,0
94,49,0
94,71,1
94,12,4
94,17,1
94,87,1
94,78,1
94,95,0
94,79,2
94,16,0
94,91,1
94,29,1
94,92,0
94,66,1
94,35,1
94,30,2
94,5,0
94,9,0
94,83,0
94,15,0
94,52,2
94,68,0
94,4,1
94,32,0
94,93,2
94,63,1
94,46,0
94,73,2
94,75,0
94,25,0
94,19,0
94,58,0
94,77,0
94,56,5
94,89,0
94,13,0
94,98,3
94,10,1
94,0,3
94,86,1
94,36,2
94,6,0
94,34,0
94,80,0
94,38,0
95,20,1
95,22,1
95,37,1
95,25,0
95,58,0
95,71,1
95,87,0
95,72,3
95,44,1
95,80,0
95,16,0
95,98,2
95,9,0
95,92,0
95,14,3
95,29,1
95,69,1
95,94,1
95,76,4
95,34,1
95,32,0
95,52,1
95,78,1
95,46,0
95,74,2
95,23,0
95,60,0
95,68,0
95,83,0
95,17,1
95,63,1
95,79,2
95,93,2
95,33,0
95,53,0
95,39,1
95,81,1
95,95,0
95,47,1
95,90,1
95,96,2
95,21,3
95,30,1
95,88,3
95,73,3
95,41,1
95,82,2
95,18,1
95,28,1
95,86,0
95,49,0
95,65,0
95,3,0
95,26,0
95,91,1
95,54,2
95,56,5
95,35,0
95,0,2
95,15,0
95,77,0
95,48,0
95,70,2
95,61,1
95,12,4
95,55,2
95,27,2
95,62,0
95,38,0
95,97,0
95,10,1
95,45,0
95,75,1
95,2,0
95,8,0
95,6,0
95,5,0
95,66,1
95,89,0
95,40,1
95,31,0
95,51,3
95,19,0
95,7,0
95,43,5
95,11,0
95,67,2
95,36,1
95,1,0
95,50,1
95,13,0
95,64,2
95,84,0
95,99,1
95,59,3
95,42,0
95,85,1
95,24,0
95,57,2
95,4,2
96,60,0
96,86,0
96,99,1
96,75,0
96,39,1
96,88,3
96,17,1
96,82,2
96,55,2
96,3,0
96,6,0
96,2,0
96,83,0
96,89,0
96,94,1
96,26,0
96,28,1
96,68,0
96,40,2
96,73,3
96,63,1
96,56,5
96,70,1
96,14,3
96,21,2
96,78,1
96,7,0
96,29,1
96,61,1
96,81,1
96,52,0
96,8,0
96,79,2
96,87,0
96,22,0
96,74,2
96,47,0
96,49,0
96,62,1
96,54,2
96,31,0
96,16,0
96,95,0
96,30,1
96,64,2
96,27,2
96,41,1
96,11,0
96,38,0
96,45,0
96,37,0
96,76,3
96,1,0
96,58,2
96,67,2
96,10,1
96,9,0
96,85,1
96,71,1
96,24,0
96,90,1
96,19,0
96,18,2
96,33,0
96,48,0
96,59,3
96,4,2
96,72,3
96,42,0
96,23,0
96,43,5
96,53,0
96,12,4
96,91,1
96,65,0
96,15,0
96,57,2
96,66,1
96,13,3
96,96,2
96,25,0
96,32,0
96,93,3
96,51,2
96,0,1
96,5,0
96,44,0
96,97,0
96,50,1
96,80,0
96,98,2
96,46,1
96,35,0
96,77,1
96,69,1
96,84,0
96,20,1
96,92,0
96,34,1
96,36,1
97,0,2
97,29,0
97,20,1
97,96,1
97,88,2
97,33,2
97,11,0
97,22,1
97,55,2
97,93,4
97,45,0
97,35,0
97,14,3
97,95,0
97,70,1
97,79,2
97,3,0
97,74,2
97,38,0
97,23,0
97,78,1
97,86,2
97,66,0
97,65,0
97,2,2
97,83,0
97,7,0
97,28,1
97,90,1
97,18,1
97,69,1
97,61,1
97,42,1
97,87,0
97,81,0
97,5,0
97,21,2
97,12,4
97,99,1
97,57,1
97,75,1
97,31,0
97,52,0
97,44,1
97,64,2
97,30,0
97,71,2
97,39,1
97,91,1
97,4,1
97,34,1
97,16,0
97,97,0
97,46,2
97,63,1
97,67,2
97,53,0
97,92,0
97,72,3
97,19,0
97,48,0
97,84,0
97,37,0
97,50,1
97,1,0
97,80,0
97,85,0
97,43,5
97,77,2
97,24,0
97,56,5
97,9,0
97,17,1
97,59,3
97,8,0
97,60,0
97,68,1
97,27,2
97,89,1
97,54,2
97,76,2
97,62,1
97,41,0
97,98,1
97,51,2
97,49,0
97,73,3
97,58,1
97,15,0
97,32,0
97,36,0
97,82,1
97,26,0
97,6,0
97,94,1
97,10,1
97,25,0
97,13,2
97,40,2
97,47,0
98,51,2
98,75,1
98,10,0
98,70,0
98,63,1
98,27,1
98,20,2
98,36,0
98,66,0
98,92,0
98,14,2
98,44,2
98,56,5
98,11,0
98,29,0
98,32,0
98,47,0
98,69,2
98,7,0
98,31,0
98,73,4
98,6,0
98,33,2
98,30,0
98,16,0
98,94,1
98,49,0
98,1,0
98,83,0
98,24,0
98,80,0
98,26,0
98,3,0
98,25,0
98,77,2
98,8,0
98,34,0
98,96,1
98,74,2
98,41,0
98,67,2
98,39,0
98,22,0
98,37,1
98,53,0
98,55,2
98,12,5
98,17,2
98,4,2
98,28,1
98,50,1
98,23,0
98,59,3
98,91,3
98,76,2
98,48,0
98,13,2
98,18,1
98,84,0
98,35,1
98,87,0
98,86,2
98,68,1
98,45,0
98,2,2
98,38,0
98,72,3
98,43,5
98,65,0
98,85,0
98,42,0
98,81,0
98,60,0
98,97,0
98,5,0
98,93,3
98,52,1
98,90,1
98,46,2
98,79,2
98,88,3
98,9,0
98,78,1
98,98,1
98,40,2
98,71,1
98,15,0
98,62,0
98,54,2
98,64,2
98,89,1
98,61,1
98,58,1
98,99,1
98,82,0
98,21,1
98,0,2
98,95,0
98,57,1
98,19,0
99,91,3
99,87,0
99,82,0
99,65,0
99,0,2
99,73,5
99,93,3
99,45,0
99,69,1
99,99,0
99,20,2
99,77,1
99,16,0
99,22,0
99,28,2
99,44,2
99,47,0
99,81,0
99,55,2
99,51,2
99,42,0
99,88,2
99,49,0
99,84,0
99,34,0
99,9,1
99,26,0
99,27,1
99,3,0
99,38,0
99,53,0
99,67,1
99,35,1
99,74,2
99,64,3
99,59,5
99,6,0
99,13,1
99,4,2
99,36,0
99,10,1
99,66,0
99,90,1
99,46,1
99,80,0
99,95,0
99,70,0
99,97,1
99,15,0
99,61,1
99,18,2
99,75,1
99,19,0
99,40,2
99,43,5
99,7,0
99,11,1
99,31,0
99,25,0
99,1,0
99,72,3
99,56,5
99,5,0
99,39,0
99,24,0
99,23,1
99,33,2
99,94,1
99,50,1
99,79,2
99,63,1
99,86,2
99,89,1
99,21,1
99,14,2
99,29,0
99,96,0
99,71,1
99,52,1
99,85,0
99,37,1
99,2,2
99,41,0
99,57,1
99,48,0
99,8,0
99,68,0
99,17,2
99,32,0
99,62,0
99,60,0
99,92,0
99,78,1
99,54,2
99,98,1
99,76,1
99,12,4
99,83,0
99,58,1
99,30,0
